Zn-X系 (id : 197),α Zn, α X (id : 6636)
Fe二元系状態図 (id : 1077),温度 [℃] (id : 6595)
Cu二元系状態図 (id : 1158),温度 [℃] (id : 6595)
Cu [at%] (id : 6543),超急冷によって強制固溶体が得られた実例 (id : 1750)
Al二元系状態図 (id : 1091),温度 [℃] (id : 6595)
Al二元系状態図 (id : 1095),温度 [℃] (id : 6595)
Mg二元系状態図 (id : 1255),温度 [℃] (id : 6595)
鉄鋼の恒温変態（T.T.T.）図 (id : 887),硬さ [HRC] (id : 7253)
鉄鋼の恒温変態（T.T.T.）図 (id : 887),温度 [℃] (id : 6595)
Sn二元系状態図 (id : 1308),温度 [℃] (id : 6595)
Fe二元系状態図 (id : 1048),温度 [℃] (id : 6595)
Bi-Zn系溶融合金の密度 (id : 111),密度 [Mg/m3] (id : 6513)
Fe二元系状態図 (id : 1083),温度 [℃] (id : 6595)
無機化合物の状態図 (id : 1370),温度 [℃] (id : 6595)
Cr濃度 [wt%] (id : 10066),Ni-Cr系状態図 (id : 1719)
Ni二元系状態図 (id : 1182),温度 [℃] (id : 6595)
純銅の加工率, 焼きなまし温度と結晶粒の大きさ (id : 465),温度 [℃] (id : 6595)
純銅の加工率, 焼きなまし温度と結晶粒の大きさ (id : 465),結晶粒の大きさ [μm2] (id : 7315)
等温保持時間t+1 [min] (id : 10770),Fe-Ni-Mn合金の等温アルテンサイト変態 (id : 1874)
C [wt%] (id : 10772),Fe-C合金における変態温度と濃度の関係 (id : 1877)
Sn二元系状態図 (id : 1294),温度 [℃] (id : 6595)
Zr [wt%] (id : 11157),Mg-Zr系状態図 (id : 2020)
Ni二元系状態図 (id : 1213),温度 [℃] (id : 6595)
無機化合物の状態図 (id : 1350),温度 [℃] (id : 6595)
Ni二元系状態図 (id : 1209),温度 [℃] (id : 6595)
鉄鋼の恒温変態（T.T.T.）図 (id : 913),硬さ [HRC] (id : 7253)
鉄鋼の恒温変態（T.T.T.）図 (id : 913),温度 [℃] (id : 6595)
Al二元系状態図 (id : 1135),温度 [℃] (id : 6595)
Cu二元系状態図 (id : 1171),温度 [℃] (id : 6595)
無機化合物の状態図 (id : 1322),温度 [℃] (id : 6595)
Ti二元系状態図 (id : 1222),温度 [℃] (id : 6595)
溶融Fe-C合金の水素溶解度 (P H2=1atm) (id : 659),C [mass%] (id : 6390)
純Alの水素溶解度 (P H2=1atm) (id : 656),水素溶解度 [ppm] (id : 8063)
Ti二元系状態図 (id : 1218),温度 [℃] (id : 6595)
無機化合物の状態図 (id : 1348),温度 [℃] (id : 6595)
Fe二元系状態図 (id : 1063),温度 [℃] (id : 6595)
Al二元系状態図 (id : 1110),温度 [℃] (id : 6595)
Zn [mass%] (id : 6526),Sb-Zn系溶融合金の密度 (id : 120)
Zn [mass%] (id : 6526),Bi-Zn系溶融合金の密度 (id : 111)
Zn [mass%] (id : 6526),Al-Zn系溶融合金の密度 (id : 110)
Zn [mass%] (id : 6526),Cu-Zn系溶融合金の密度 (id : 117)
Pb二元系状態図 (id : 1268),温度 [℃] (id : 6595)
Ac3からの冷却時間, s (id : 9328),0.17%C-(0.07~0.65)%Si-1.40%Mn-0.07%Al鋼の1,300℃でオーステナイト化した場合のCCT図 (id : 1475)
TMCPと各段階の粒組織を示す模式図 (id : 1390),温度 [℃] (id : 6595)
溶接連続冷却変態図ならびに種々の溶接ボンド冷却曲線と組織および硬さの関係 (id : 1419),温度 [℃] (id : 6595)
溶接連続冷却変態図ならびに種々の溶接ボンド冷却曲線と組織および硬さの関係 (id : 1419),硬さ Hv, 荷重 10kg (id : 9178)
at% C (id : 8805),Fe二元系状態図 (id : 1034)
at% C (id : 8805),Fe二元系状態図 (id : 1036)
Cr鋼の等温変態図 (id : 1966),温度 [℃] (id : 6595)
Cu二元系状態図 (id : 1161),温度 [℃] (id : 6595)
無機化合物の状態図 (id : 1367),温度 [℃] (id : 6595)
各種元素の温度‐蒸気圧曲線（その1） (id : 738),蒸気圧 [Torr] (id : 8301)
各種元素の温度‐蒸気圧曲線（その1） (id : 738),蒸気圧 [MPa] (id : 8302)
鉄鋼の恒温変態（T.T.T.）図 (id : 926),温度 [℃] (id : 6595)
Co-Ni合金における変態温度と濃度の関係 (id : 1876),温度 [℃] (id : 6595)
Fe二元系状態図 (id : 1060),温度 [℃] (id : 6595)
Fe系溶融2元合金の粘度 (1550℃)(Ⅱ) (id : 128),粘度 [mPa・s] (id : 6535)
Sn二元系状態図 (id : 1295),温度 [℃] (id : 6595)
Sn二元系状態図 (id : 1292),温度 [℃] (id : 6595)
Ti二元系状態図 (id : 1236),温度 [℃] (id : 6595)
Fe二元系状態図 (id : 1080),温度 [℃] (id : 6595)
Ni二元系状態図 (id : 1191),温度 [℃] (id : 6595)
各種元素の温度‐蒸気圧曲線（その3） (id : 740),蒸気圧 [Torr] (id : 8301)
各種元素の温度‐蒸気圧曲線（その3） (id : 740),蒸気圧 [MPa] (id : 8302)
Cu2S-PbS, FeS-PbS系の活量 (1200℃) (id : 364),α (id : 7021)
Mg-X系 (id : 190),α Mg, α X (id : 6629)
Sn二元系状態図 (id : 1302),温度 [℃] (id : 6595)
Ti二元系状態図 (id : 1224),温度 [℃] (id : 6595)
無機化合物の状態図 (id : 1355),温度 [℃] (id : 6595)
Al-Si系状態図 (id : 1985),温度 [℃] (id : 6595)
Mg二元系状態図 (id : 1250),温度 [℃] (id : 6595)
Mn [wt%] (id : 10773),Fe-Mn合金における変態温度と濃度の関係 (id : 1878)
Pb二元系状態図 (id : 1285),温度 [℃] (id : 6595)
Al二元系状態図 (id : 1111),温度 [℃] (id : 6595)
Co-Fe系溶融合金の密度 (id : 113),密度 [Mg/m3] (id : 6513)
Fe-X系 (id : 187),α Fe, α X (id : 6626)
圧縮加工率 [%] (id : 7314),純銅の加工率, 焼きなまし温度と結晶粒の大きさ (id : 465)
Pb二元系状態図 (id : 1271),温度 [℃] (id : 6595)
Pbの300℃における粒界移動速度 (id : 1850),粒界移動速度 [mm/min] (id : 10666)
無機化合物の状態図 (id : 1337),mass% (id : 8812)
Sn-H2O系 (id : 704),E [V] (id : 8217)
連続冷却変態（C.C.T.）図 (id : 940),温度 [℃] (id : 6595)
各種鋳型砂を使用した乾燥型の熱伝導率 (id : 671),熱伝導率 [W・m-1・K-1] (id : 8098)
各種鋳型砂を使用した乾燥型の熱伝導率 (id : 671),熱伝導率 [10-3cal/cm・s・℃] (id : 8097)
水素分圧 [lbf/in2 abs] (id : 7134),高温･高圧水素ガス環境での鋼の使用限度 (id : 1402)
水素分圧 [lbf/in2 abs] (id : 7134),高温高圧水素中におけるCr-0.5 MoおよびMn-0.5Mo鋼の使用実績 (id : 393)
水素分圧 [lbf/in2 abs] (id : 7134),高温高圧水素中における鋼の使用限界 (id : 392)
無機化合物の状態図 (id : 1356),温度 [℃] (id : 6595)
Fe二元系状態図 (id : 1034),温度 [℃] (id : 6595)
Cu二元系状態図 (id : 1167),温度 [℃] (id : 6595)
鉄鋼の恒温変態（T.T.T.）図 (id : 892),硬さ [HRC] (id : 7253)
鉄鋼の恒温変態（T.T.T.）図 (id : 892),温度 [℃] (id : 6595)
Fe-Ni系の粘度 (id : 129),粘度 [mPa・s] (id : 6535)
Sn二元系状態図 (id : 1301),温度 [℃] (id : 6595)
Sn-X系 (id : 195),α Sn, α X (id : 6634)
Ti二元系状態図 (id : 1237),温度 [℃] (id : 6595)
Pb二元系状態図 (id : 1270),温度 [℃] (id : 6595)
Cr-H2O系 (id : 695),E [V] (id : 8217)
Mg二元系状態図 (id : 1248),温度 [℃] (id : 6595)
Al二元系状態図 (id : 1101),温度 [℃] (id : 6595)
無機化合物の状態図 (id : 1371),温度 [℃] (id : 6595)
Ni二元系状態図 (id : 1179),温度 [℃] (id : 6595)
鉄鋼の恒温変態（T.T.T.）図 (id : 928),温度 [℃] (id : 6595)
Fe-C合金における変態温度と濃度の関係 (id : 1877),温度 [℃] (id : 6595)
フィレットをもつ板の引張による応力分布と形状係数 (id : 750),α (id : 7021)
10 4/T (id : 10227),Agの格子拡散と粒界および表面拡散 (id : 1748)
10 4/T (id : 10227),Agの自己拡散のる塑性変形による促進 (id : 1749)
Cu二元系状態図 (id : 1145),温度 [℃] (id : 6595)
Cu二元系状態図 (id : 1149),温度 [℃] (id : 6595)
Cu二元系状態図 (id : 1152),温度 [℃] (id : 6595)
A Ca~500℃間の冷却時間, τ, s (id : 9179),溶接連続冷却変態図ならびに種々の溶接ボンド冷却曲線と組織および硬さの関係 (id : 1419)
N HCN (id : 7042),HCN水溶液の濃度と活量の関係 (id : 369)
液体化･時効処理したZr-2.5％Nbにおける破壊靭性値におよぼす水素含有量(ppm)および温度の影響（Kd：動的破壊靭性値, Kc：静的破壊靭性値） (id : 510),破壊靭性値 Kd,Kc[kgf/mm3/2](MPa・m1/2) (id : 7396)
Ti二元系状態図 (id : 1221),温度 [℃] (id : 6595)
Mg-H2O系 (id : 686),E [V] (id : 8217)
Ni二元系状態図 (id : 1190),温度 [℃] (id : 6595)
合金鋼のTTT図とCCT図の関係(Cr-Mo鋼) (id : 1979),温度 [℃] (id : 6595)
Ni二元系状態図 (id : 1206),温度 [℃] (id : 6595)
Al二元系状態図 (id : 1129),温度 [℃] (id : 6595)
Al二元系状態図 (id : 1096),温度 [℃] (id : 6595)
Mg二元系状態図 (id : 1265),温度 [℃] (id : 6595)
温度と空孔濃度の関係 (G F=1eV) (id : 1751),空孔濃度 C (id : 10266)
Ni-X系 (id : 192),α Ni, α X (id : 6631)
Cu-Au系状態図 (Hansen) (id : 1758),温度 [℃] (id : 6595)
Ni二元系状態図 (id : 1199),温度 [℃] (id : 6595)
Fe二元系状態図 (id : 1053),温度 [℃] (id : 6595)
連続冷却変態（C.C.T.）図 (id : 941),温度 [℃] (id : 6595)
無機化合物の状態図 (id : 1359),温度 [℃] (id : 6595)
各種鋳型砂の比熱 (id : 668),比熱 [10 3J・kg-1・K-1] (id : 8093)
各種鋳型砂の比熱 (id : 668),比熱 [10-1cal/g・℃] (id : 8092)
Al二元系状態図 (id : 1113),温度 [℃] (id : 6595)
CaO-CaF2系の活量およびCaO-SiO2系のSiO2とCaOの活量 (id : 332),αi (id : 6639)
Ni二元系状態図 (id : 1210),温度 [℃] (id : 6595)
塩酸濃度, 温度, グラスライニングの耐食率との関係 (id : 744),温度 [℃] (id : 6595)
炭素濃度 [wt%] (id : 11090),Fe-C系状態図 (id : 1983)
Sn [wt%] (id : 10672),Cu-Sn系状態図 (id : 2017)
Sn [wt%] (id : 10672),Pbの300℃における粒界移動速度 (id : 1850)
Sn [wt%] (id : 10672),青銅の機械的性質 (id : 2018)
Sn二元系状態図 (id : 1299),温度 [℃] (id : 6595)
無機化合物の状態図 (id : 1334),温度 [℃] (id : 6595)
無機化合物の状態図 (id : 1351),温度 [℃] (id : 6595)
無機化合物の状態図 (id : 1326),温度 [℃] (id : 6595)
Al二元系状態図 (id : 1104),温度 [℃] (id : 6595)
Pb二元系状態図 (id : 1275),温度 [℃] (id : 6595)
熱電対の真上を溶接棒通過後の時間, s (id : 9904),ビードオンプレートのビード下部の熱サイクル (id : 1664)
β黄銅型の長範囲規則度のBragg-Williams理論曲線と実験値の比較 (id : 1760),長範囲規則度 s (id : 10317)
C, N [wt%] (id : 11293),純鉄中のC, Nの溶解度 (id : 2062)
Pb二元系状態図 (id : 1289),温度 [℃] (id : 6595)
Ti二元系状態図 (id : 1232),温度 [℃] (id : 6595)
r/D (id : 8343),円周に半円形環状切欠をもつ丸棒の引張, ねじりの形状係数 (id : 754)
無機化合物の状態図 (id : 1331),温度 [℃] (id : 6595)
各種サーミスタおよび側温抵抗体の温度特性 (id : 590),電気抵抗 [Ω] (id : 7592)
Cu [wt%] (id : 10186),共晶合金の一方向凝固組織 (id : 1743)
Cu [wt%] (id : 10186),Al-Cu系Al側状態図 (id : 2058)
Cu [wt%] (id : 10186),Cu-Al合金系の平衡状態図 (id : 1762)
段付丸棒の引張形状係数 (id : 755),α (id : 7021)
Fe二元系状態図 (id : 1084),温度 [℃] (id : 6595)
Cu-Fe系溶融合金の密度 (id : 114),密度 [Mg/m3] (id : 6513)
硫化物の標準生成自由エネルギー温度図 (id : 178),ΔGf° [cal/mol S2] (id : 6615)
Ni二元系状態図 (id : 1201),温度 [℃] (id : 6595)
Si [mol%] (id : 6536),Al-Si系の700℃での粘度 (id : 126)
Pb二元系状態図 (id : 1273),温度 [℃] (id : 6595)
銅およびニッケル合金の低温における伸び (id : 528),伸び [%] (id : 7080)
Cu二元系状態図 (id : 1153),温度 [℃] (id : 6595)
Al二元系状態図 (id : 1128),温度 [℃] (id : 6595)
Agの自己拡散のる塑性変形による促進 (id : 1749),拡散係数 [cm2/sec] (id : 10213)
連続冷却変態（C.C.T.）図 (id : 938),温度 [℃] (id : 6595)
Al二元系状態図 (id : 1122),温度 [℃] (id : 6595)
CaO-Al2O3-SiO2系のCaOおよびAl2O3の活量 [1873K] (id : 344),SiO2 [mass%] (id : 6567)
CaO-Al2O3-SiO2系のCaOおよびAl2O3の活量 [1873K] (id : 344),CaO [mass%] (id : 6566)
無機化合物の状態図 (id : 1321),温度 [℃] (id : 6595)
Fe二元系状態図 (id : 1064),温度 [℃] (id : 6595)
Ti二元系状態図 (id : 1242),温度 [℃] (id : 6595)
鉄鋼の恒温変態（T.T.T.）図 (id : 915),温度 [℃] (id : 6595)
鉄鋼の恒温変態（T.T.T.）図 (id : 895),硬さ [HRC] (id : 7253)
鉄鋼の恒温変態（T.T.T.）図 (id : 895),温度 [℃] (id : 6595)
Ti二元系状態図 (id : 1216),温度 [℃] (id : 6595)
Si [wt%] (id : 11091),Al-Si系状態図 (id : 1985)
Ti添加鋼とTi無添加鋼の同一オーステナイト結晶粒径での連続冷却変態図の比較 (id : 1448),温度 [℃] (id : 6595)
鉄鋼の恒温変態（T.T.T.）図 (id : 920),温度 [℃] (id : 6595)
中・高温圧力容器用鋼の各種用途における温度と適応鋼種 (id : 1401),温度 [℃] (id : 6595)
Pb二元系状態図 (id : 1287),温度 [℃] (id : 6595)
超急冷によって強制固溶体が得られた実例 (id : 1750),格子定数 [Å] (id : 10239)
超急冷によって強制固溶体が得られた実例 (id : 1750),温度 [℃] (id : 6595)
Mg二元系状態図 (id : 1251),温度 [℃] (id : 6595)
工業用ジルコニウム合金, (a)702, (b)704および(c)705の引張特性と温度との関係 (id : 508),応力 [MPa] (id : 7082)
酸化物粒子分散強化合金MA6000と一方向凝固合金Mar-M200+Hf, 単結晶合金PWA454の1000hラプチャーの比強度の比較 (id : 615),σ1000h/ρ [MPa/Mg・m-3] (id : 7780)
Mg二元系状態図 (id : 1264),温度 [℃] (id : 6595)
Al-X系 (id : 183),α Al, α X (id : 6622)
被覆アーク溶接ボンド部の熱サイクル (id : 1662),温度 [℃] (id : 6595)
各種フェライト耐熱鋼の10 5hクリープ破断強さの比較 (id : 394),応力 [MPa] (id : 7082)
Mg二元系状態図 (id : 1258),温度 [℃] (id : 6595)
N FeS (id : 7023),Cu2S-FeS　系の活量 (id : 363)
鉄鋼の恒温変態（T.T.T.）図 (id : 898),硬さ [HRC] (id : 7253)
鉄鋼の恒温変態（T.T.T.）図 (id : 898),温度 [℃] (id : 6595)
FeO [mass%] (id : 6577),CaO-FeO-SiO2系融体の表面張力 [mN/m] (1400℃) (id : 165)
FeO [mass%] (id : 6577),Cao-FeO系のFeOとCaOの活量 [1873K] (id : 337)
FeO [mass%] (id : 6577),MnO-FeO-SiO2系融体の表面張力 [mN/m] (1400℃) (id : 166)
鋼の熱処理用加熱温度 (id : 409),温度 [℃] (id : 6595)
Pb-H2O系 (id : 705),E [V] (id : 8217)
Al二元系状態図 (id : 1118),温度 [℃] (id : 6595)
MO [mol%] (id : 6559),MO-SiO2系融体の密度 (1700℃) (id : 149)
鉄鋼の恒温変態（T.T.T.）図 (id : 911),温度 [℃] (id : 6595)
Mg二元系状態図 (id : 1253),温度 [℃] (id : 6595)
Sn [mass%] (id : 6528),Cu-Sn系溶融合金の密度 (id : 115)
Pb二元系状態図 (id : 1272),温度 [℃] (id : 6595)
連続冷却変態（C.C.T.）図 (id : 943),温度 [℃] (id : 6595)
Cu二元系状態図 (id : 1150),温度 [℃] (id : 6595)
In合金系の液相線における密度（外挿値）と融体密度の温度係数 (id : 124),温度係数 dp/dT[kg/m3・K] (id : 6533)
In合金系の液相線における密度（外挿値）と融体密度の温度係数 (id : 124),密度 [Mg/m3] (id : 6513)
Ag-Bi系溶融合金の密度 (id : 107),密度 [Mg/m3] (id : 6513)
d/D (id : 8342),球孔をもつ丸棒の引張による応力分布と形状係数 (id : 753)
Ni-Fe系溶融合金の密度 (1550℃) (id : 119),密度 [Mg/m3] (id : 6513)
Pb二元系状態図 (id : 1291),温度 [℃] (id : 6595)
NX (id : 6620),Sn-X系 (id : 195)
NX (id : 6620),Zn-X系 (id : 197)
NX (id : 6620),An-X系 (id : 184)
NX (id : 6620),Pb-X系 (id : 193)
NX (id : 6620),Fe-X系 (id : 187)
NX (id : 6620),Cu-X系 (id : 186)
NX (id : 6620),In-X系 (id : 189)
NX (id : 6620),Ni-X系 (id : 192)
NX (id : 6620),Ti-X系 (id : 196)
NX (id : 6620),Na-X系 (id : 191)
NX (id : 6620),Al-X系 (id : 183)
NX (id : 6620),Hg-X系 (id : 188)
NX (id : 6620),Ag-X系 (id : 182)
NX (id : 6620),Mg-X系 (id : 190)
NX (id : 6620),Cd-X系 (id : 185)
NX (id : 6620),Sb-X系 (id : 194)
Cu二元系状態図 (id : 1174),温度 [℃] (id : 6595)
純鉄の窒素溶解度 (P N2=1atm) (id : 666),窒素溶解度 [mass%] (id : 8080)
Bi [mass%] (id : 6514),Ag-Bi系溶融合金の密度 (id : 107)
Al二元系状態図 (id : 1120),温度 [℃] (id : 6595)
Al二元系状態図 (id : 1126),温度 [℃] (id : 6595)
Al二元系状態図 (id : 1107),温度 [℃] (id : 6595)
Sn二元系状態図 (id : 1304),温度 [℃] (id : 6595)
高温･高圧水素ガス環境での鋼の使用限度 (id : 1402),温度 [°F] (id : 7135)
高温･高圧水素ガス環境での鋼の使用限度 (id : 1402),温度 [℃] (id : 6595)
Ni-C系溶融合金の密度 (id : 118),密度 [Mg/m3] (id : 6513)
Mg二元系状態図 (id : 1252),温度 [℃] (id : 6595)
Sn二元系状態図 (id : 1312),温度 [℃] (id : 6595)
鉄鋼の恒温変態（T.T.T.）図 (id : 908),温度 [℃] (id : 6595)
Ti二元系状態図 (id : 1228),温度 [℃] (id : 6595)
Al-Zn-Mg合金における等時間時効による比熱変化 (id : 1869),比熱 [cal/g deg] (id : 10319)
Cu二元系状態図 (id : 1163),温度 [℃] (id : 6595)
無機化合物の状態図 (id : 1329),温度 [℃] (id : 6595)
Cu-Sn系状態図 (id : 2017),温度 [℃] (id : 6595)
Ti二元系状態図 (id : 1238),温度 [℃] (id : 6595)
連続冷却変態（C.C.T.）図 (id : 934),温度 [℃] (id : 6595)
Fe二元系状態図 (id : 1066),温度 [℃] (id : 6595)
無機化合物の状態図 (id : 1360),温度 [℃] (id : 6595)
Ti-X系 (id : 196),α Ti, α X (id : 6635)
アルカリ酸化物-SiO2系のSiO2の活量 [1673K] (id : 339),αi (id : 6639)
連続冷却変態（C.C.T.）図 (id : 942),温度 [℃] (id : 6595)
鉄鋼の恒温変態（T.T.T.）図 (id : 894),温度 [℃] (id : 6595)
Mg二元系状態図 (id : 1260),温度 [℃] (id : 6595)
Ni二元系状態図 (id : 1198),温度 [℃] (id : 6595)
無機化合物の状態図 (id : 1364),温度 [℃] (id : 6595)
Pb [mass%%] (id : 6515),Ag-Pb系溶融合金の密度 (id : 108)
FeO-SiO2系のSiO2とFeOの活量 (id : 333),αi (id : 6639)
共析鋼のCCT図 (id : 1977),温度 [℃] (id : 6595)
Al二元系状態図 (id : 1092),温度 [℃] (id : 6595)
Ni二元系状態図 (id : 1186),温度 [℃] (id : 6595)
無機化合物の状態図 (id : 1330),温度 [℃] (id : 6595)
Ni鋼の等温変態図 (id : 1964),温度 [℃] (id : 6595)
無機化合物の状態図 (id : 1338),mass% (id : 8812)
Pb二元系状態図 (id : 1283),温度 [℃] (id : 6595)
Mg二元系状態図 (id : 1245),温度 [℃] (id : 6595)
Al-Zn系溶融合金の密度 (id : 110),密度 [Mg/m3] (id : 6513)
Ti二元系状態図 (id : 1223),温度 [℃] (id : 6595)
Cd-X系 (id : 185),α Cd, α X (id : 6624)
Ti二元系状態図 (id : 1240),温度 [℃] (id : 6595)
Cao-FeO系のFeOとCaOの活量 [1873K] (id : 337),αi (id : 6639)
用途 (id : 9082),中・高温圧力容器用鋼の各種用途における温度と適応鋼種 (id : 1401)
Cu二元系状態図 (id : 1148),温度 [℃] (id : 6595)
Ni二元系状態図 (id : 1207),温度 [℃] (id : 6595)
Ti二元系状態図 (id : 1225),温度 [℃] (id : 6595)
Cu二元系状態図 (id : 1159),温度 [℃] (id : 6595)
工業用ジルコニウム合金, (a)702および(b)705のクリープ破断曲線 (id : 509),応力 [MPa] (id : 7082)
Cd-Sb合金の状態図と流動長の関係 (id : 1995),流動長 [cm] (id : 11098)
Cd-Sb合金の状態図と流動長の関係 (id : 1995),温度 [℃] (id : 6595)
C % (id : 10712),18%Cr-8%Ni鋼の切断状態図 (id : 2078)
C % (id : 10712),鋼に状態図と急冷による2相析出が起こる範囲の模型 (id : 1860)
各種熱電対の規準熱起電力 (id : 589),熱起電力 [mV] (id : 7587)
無機化合物の状態図 (id : 1372),温度 [℃] (id : 6595)
mass% (id : 8812),Sn二元系状態図 (id : 1293)
mass% (id : 8812),無機化合物の状態図 (id : 1338)
mass% (id : 8812),Fe二元系状態図 (id : 1077)
mass% (id : 8812),Ni二元系状態図 (id : 1178)
mass% (id : 8812),温度 ℃  (id : 1087)
mass% (id : 8812),Sn二元系状態図 (id : 1294)
mass% (id : 8812),Mg二元系状態図 (id : 1247)
mass% (id : 8812),Ti二元系状態図 (id : 1224)
mass% (id : 8812),Fe二元系状態図 (id : 1079)
mass% (id : 8812),Ni二元系状態図 (id : 1205)
mass% (id : 8812),Al二元系状態図 (id : 1114)
mass% (id : 8812),Pb二元系状態図 (id : 1291)
mass% (id : 8812),Fe二元系状態図 (id : 1078)
mass% (id : 8812),Ni二元系状態図 (id : 1182)
mass% (id : 8812),Mg二元系状態図 (id : 1249)
mass% (id : 8812),無機化合物の状態図 (id : 1341)
mass% (id : 8812),Fe二元系状態図 (id : 1056)
mass% (id : 8812),Ni二元系状態図 (id : 1193)
mass% (id : 8812),無機化合物の状態図 (id : 1336)
mass% (id : 8812),Ni二元系状態図 (id : 1213)
mass% (id : 8812),無機化合物の状態図 (id : 1350)
mass% (id : 8812),Cu二元系状態図 (id : 1146)
mass% (id : 8812),Mg二元系状態図 (id : 1259)
mass% (id : 8812),Cu二元系状態図 (id : 1160)
mass% (id : 8812),無機化合物の状態図 (id : 1322)
mass% (id : 8812),Ti二元系状態図 (id : 1222)
mass% (id : 8812),Fe二元系状態図 (id : 1083)
mass% (id : 8812),Al二元系状態図 (id : 1124)
mass% (id : 8812),Cu二元系状態図 (id : 1163)
mass% (id : 8812),Ti二元系状態図 (id : 1238)
mass% (id : 8812),Cu二元系状態図 (id : 1169)
mass% (id : 8812),Fe二元系状態図 (id : 1063)
mass% (id : 8812),Al二元系状態図 (id : 1110)
mass% (id : 8812),Ni二元系状態図 (id : 1180)
mass% (id : 8812),Pb二元系状態図 (id : 1268)
mass% (id : 8812),Al二元系状態図 (id : 1106)
mass% (id : 8812),Pb二元系状態図 (id : 1274)
mass% (id : 8812),Cu二元系状態図 (id : 1142)
mass% (id : 8812),Al二元系状態図 (id : 1118)
mass% (id : 8812),Fe二元系状態図 (id : 1052)
mass% (id : 8812),Ti二元系状態図 (id : 1219)
mass% (id : 8812),Al二元系状態図 (id : 1094)
mass% (id : 8812),Cu二元系状態図 (id : 1168)
mass% (id : 8812),Cu二元系状態図 (id : 1170)
mass% (id : 8812),Fe二元系状態図 (id : 1060)
mass% (id : 8812),Pb二元系状態図 (id : 1270)
mass% (id : 8812),Fe二元系状態図 (id : 1073)
mass% (id : 8812),Sn二元系状態図 (id : 1295)
mass% (id : 8812),Sn二元系状態図 (id : 1292)
mass% (id : 8812),Ti二元系状態図 (id : 1236)
mass% (id : 8812),無機化合物の状態図 (id : 1342)
mass% (id : 8812),Al二元系状態図 (id : 1093)
mass% (id : 8812),Ni二元系状態図 (id : 1191)
mass% (id : 8812),Sn二元系状態図 (id : 1302)
mass% (id : 8812),Mg二元系状態図 (id : 1256)
mass% (id : 8812),Ni二元系状態図 (id : 1211)
mass% (id : 8812),Fe二元系状態図 (id : 1042)
mass% (id : 8812),Cu二元系状態図 (id : 1157)
mass% (id : 8812),Al二元系状態図 (id : 1116)
mass% (id : 8812),Pb二元系状態図 (id : 1285)
mass% (id : 8812),Al二元系状態図 (id : 1111)
mass% (id : 8812),Mg二元系状態図 (id : 1262)
mass% (id : 8812),Pb二元系状態図 (id : 1271)
mass% (id : 8812),Fe二元系状態図 (id : 1062)
mass% (id : 8812),Ni二元系状態図 (id : 1196)
mass% (id : 8812),Mg二元系状態図 (id : 1257)
mass% (id : 8812),Fe二元系状態図 (id : 1082)
mass% (id : 8812),Cu二元系状態図 (id : 1143)
mass% (id : 8812),Cu二元系状態図 (id : 1151)
mass% (id : 8812),Pb二元系状態図 (id : 1269)
mass% (id : 8812),Ni二元系状態図 (id : 1188)
mass% (id : 8812),Ti二元系状態図 (id : 1226)
mass% (id : 8812),Sn二元系状態図 (id : 1301)
mass% (id : 8812),Cu二元系状態図 (id : 1166)
mass% (id : 8812),Ti二元系状態図 (id : 1237)
mass% (id : 8812),Pb二元系状態図 (id : 1267)
mass% (id : 8812),Ti二元系状態図 (id : 1239)
mass% (id : 8812),Ni二元系状態図 (id : 1204)
mass% (id : 8812),Al二元系状態図 (id : 1125)
mass% (id : 8812),Al二元系状態図 (id : 1101)
mass% (id : 8812),Al二元系状態図 (id : 1132)
mass% (id : 8812),Ni二元系状態図 (id : 1179)
mass% (id : 8812),Pb二元系状態図 (id : 1290)
mass% (id : 8812),Pb二元系状態図 (id : 1279)
mass% (id : 8812),Mg二元系状態図 (id : 1255)
mass% (id : 8812),Cu二元系状態図 (id : 1144)
mass% (id : 8812),Ni二元系状態図 (id : 1187)
mass% (id : 8812),Cu二元系状態図 (id : 1145)
mass% (id : 8812),Cu二元系状態図 (id : 1155)
mass% (id : 8812),Cu二元系状態図 (id : 1138)
mass% (id : 8812),Al二元系状態図 (id : 1103)
mass% (id : 8812),Cu二元系状態図 (id : 1152)
mass% (id : 8812),Fe二元系状態図 (id : 1085)
mass% (id : 8812),Ti二元系状態図 (id : 1221)
mass% (id : 8812),Ni二元系状態図 (id : 1190)
mass% (id : 8812),Ni二元系状態図 (id : 1194)
mass% (id : 8812),Ni二元系状態図 (id : 1206)
mass% (id : 8812),Al二元系状態図 (id : 1129)
mass% (id : 8812),Al二元系状態図 (id : 1096)
mass% (id : 8812),Al二元系状態図 (id : 1119)
mass% (id : 8812),Al二元系状態図 (id : 1131)
mass% (id : 8812),Pb二元系状態図 (id : 1282)
mass% (id : 8812),Al二元系状態図 (id : 1095)
mass% (id : 8812),Fe二元系状態図 (id : 1048)
mass% (id : 8812),Fe二元系状態図 (id : 1068)
mass% (id : 8812),Cu二元系状態図 (id : 1171)
mass% (id : 8812),Ni二元系状態図 (id : 1199)
mass% (id : 8812),Fe二元系状態図 (id : 1053)
mass% (id : 8812),Cu二元系状態図 (id : 1161)
mass% (id : 8812),Ni二元系状態図 (id : 1203)
mass% (id : 8812),Al二元系状態図 (id : 1130)
mass% (id : 8812),Fe二元系状態図 (id : 1080)
mass% (id : 8812),Al二元系状態図 (id : 1113)
mass% (id : 8812),無機化合物の状態図 (id : 1337)
mass% (id : 8812),Ti二元系状態図 (id : 1229)
mass% (id : 8812),無機化合物の状態図 (id : 1345)
mass% (id : 8812),Al二元系状態図 (id : 1092)
mass% (id : 8812),Cu二元系状態図 (id : 1156)
mass% (id : 8812),Fe二元系状態図 (id : 1039)
mass% (id : 8812),無機化合物の状態図 (id : 1334)
mass% (id : 8812),Ti二元系状態図 (id : 1220)
mass% (id : 8812),無機化合物の状態図 (id : 1351)
mass% (id : 8812),Al二元系状態図 (id : 1090)
mass% (id : 8812),Cu二元系状態図 (id : 1153)
mass% (id : 8812),Al二元系状態図 (id : 1122)
mass% (id : 8812),Cu二元系状態図 (id : 1162)
mass% (id : 8812),Pb二元系状態図 (id : 1275)
mass% (id : 8812),Al二元系状態図 (id : 1115)
mass% (id : 8812),Pb二元系状態図 (id : 1289)
mass% (id : 8812),Ti二元系状態図 (id : 1225)
mass% (id : 8812),Cu二元系状態図 (id : 1165)
mass% (id : 8812),Sn二元系状態図 (id : 1316)
mass% (id : 8812),Fe二元系状態図 (id : 1084)
mass% (id : 8812),Fe二元系状態図 (id : 1049)
mass% (id : 8812),Al二元系状態図 (id : 1112)
mass% (id : 8812),Ni二元系状態図 (id : 1215)
mass% (id : 8812),Cu二元系状態図 (id : 1172)
mass% (id : 8812),Al二元系状態図 (id : 1117)
mass% (id : 8812),Pb二元系状態図 (id : 1284)
mass% (id : 8812),Ni二元系状態図 (id : 1184)
mass% (id : 8812),Al二元系状態図 (id : 1128)
mass% (id : 8812),Pb二元系状態図 (id : 1287)
mass% (id : 8812),Ni二元系状態図 (id : 1208)
mass% (id : 8812),無機化合物の状態図 (id : 1352)
mass% (id : 8812),Ni二元系状態図 (id : 1209)
mass% (id : 8812),Fe二元系状態図 (id : 1071)
mass% (id : 8812),Sn二元系状態図 (id : 1307)
mass% (id : 8812),Fe二元系状態図 (id : 1054)
mass% (id : 8812),Ti二元系状態図 (id : 1216)
mass% (id : 8812),無機化合物の状態図 (id : 1340)
mass% (id : 8812),Ni二元系状態図 (id : 1201)
mass% (id : 8812),Al二元系状態図 (id : 1098)
mass% (id : 8812),Al二元系状態図 (id : 1135)
mass% (id : 8812),Al二元系状態図 (id : 1104)
mass% (id : 8812),Mg二元系状態図 (id : 1261)
mass% (id : 8812),Mg二元系状態図 (id : 1251)
mass% (id : 8812),Pb二元系状態図 (id : 1283)
mass% (id : 8812),Ni二元系状態図 (id : 1214)
mass% (id : 8812),Fe二元系状態図 (id : 1065)
mass% (id : 8812),Al二元系状態図 (id : 1109)
mass% (id : 8812),Mg二元系状態図 (id : 1258)
mass% (id : 8812),Ti二元系状態図 (id : 1230)
mass% (id : 8812),Fe二元系状態図 (id : 1044)
mass% (id : 8812),Al二元系状態図 (id : 1097)
mass% (id : 8812),Al二元系状態図 (id : 1089)
mass% (id : 8812),Ti二元系状態図 (id : 1235)
mass% (id : 8812),Sn二元系状態図 (id : 1310)
mass% (id : 8812),Mg二元系状態図 (id : 1253)
mass% (id : 8812),Pb二元系状態図 (id : 1272)
mass% (id : 8812),Al二元系状態図 (id : 1088)
mass% (id : 8812),Mg二元系状態図 (id : 1248)
mass% (id : 8812),Cu二元系状態図 (id : 1174)
mass% (id : 8812),Al二元系状態図 (id : 1126)
mass% (id : 8812),Al二元系状態図 (id : 1107)
mass% (id : 8812),Al二元系状態図 (id : 1108)
mass% (id : 8812),無機化合物の状態図 (id : 1343)
mass% (id : 8812),Al二元系状態図 (id : 1121)
mass% (id : 8812),Ti二元系状態図 (id : 1218)
mass% (id : 8812),無機化合物の状態図 (id : 1366)
mass% (id : 8812),Ti二元系状態図 (id : 1228)
mass% (id : 8812),Cu二元系状態図 (id : 1150)
mass% (id : 8812),Sn二元系状態図 (id : 1306)
mass% (id : 8812),無機化合物の状態図 (id : 1329)
mass% (id : 8812),Al二元系状態図 (id : 1105)
mass% (id : 8812),Ni二元系状態図 (id : 1210)
mass% (id : 8812),Ni二元系状態図 (id : 1200)
mass% (id : 8812),Fe二元系状態図 (id : 1066)
mass% (id : 8812),Sn二元系状態図 (id : 1308)
mass% (id : 8812),無機化合物の状態図 (id : 1339)
mass% (id : 8812),Fe二元系状態図 (id : 1058)
mass% (id : 8812),無機化合物の状態図 (id : 1319)
mass% (id : 8812),Ni二元系状態図 (id : 1177)
mass% (id : 8812),Sn二元系状態図 (id : 1304)
mass% (id : 8812),Fe二元系状態図 (id : 1059)
mass% (id : 8812),Mg二元系状態図 (id : 1260)
mass% (id : 8812),Ni二元系状態図 (id : 1198)
mass% (id : 8812),Pb二元系状態図 (id : 1286)
mass% (id : 8812),Sn二元系状態図 (id : 1313)
mass% (id : 8812),無機化合物の状態図 (id : 1347)
mass% (id : 8812),Ni二元系状態図 (id : 1186)
mass% (id : 8812),無機化合物の状態図 (id : 1330)
mass% (id : 8812),Ni二元系状態図 (id : 1202)
mass% (id : 8812),Mg二元系状態図 (id : 1246)
mass% (id : 8812),Fe二元系状態図 (id : 1076)
mass% (id : 8812),Mg二元系状態図 (id : 1245)
mass% (id : 8812),Ti二元系状態図 (id : 1223)
mass% (id : 8812),無機化合物の状態図 (id : 1323)
mass% (id : 8812),Ti二元系状態図 (id : 1240)
mass% (id : 8812),Sn二元系状態図 (id : 1312)
mass% (id : 8812),Fe二元系状態図 (id : 1037)
mass% (id : 8812),Ti二元系状態図 (id : 1227)
mass% (id : 8812),Cu二元系状態図 (id : 1148)
mass% (id : 8812),Ni二元系状態図 (id : 1207)
mass% (id : 8812),Ti二元系状態図 (id : 1232)
mass% (id : 8812),Cu二元系状態図 (id : 1176)
mass% (id : 8812),Cu二元系状態図 (id : 1173)
mass% (id : 8812),Ni二元系状態図 (id : 1212)
mass% (id : 8812),無機化合物の状態図 (id : 1321)
mass% (id : 8812),Ti二元系状態図 (id : 1233)
mass% (id : 8812),Al二元系状態図 (id : 1091)
mass% (id : 8812),Cu二元系状態図 (id : 1158)
mass% (id : 8812),Al二元系状態図 (id : 1134)
mass% (id : 8812),Ni二元系状態図 (id : 1181)
mass% (id : 8812),無機化合物の状態図 (id : 1327)
mass% (id : 8812),Al二元系状態図 (id : 1100)
mass% (id : 8812),無機化合物の状態図 (id : 1320)
mass% (id : 8812),Mg二元系状態図 (id : 1252)
mass% (id : 8812),Pb二元系状態図 (id : 1273)
mass% (id : 8812),Sn二元系状態図 (id : 1299)
mass% (id : 8812),Ni二元系状態図 (id : 1189)
mass% (id : 8812),Cu二元系状態図 (id : 1140)
mass% (id : 8812),Mg二元系状態図 (id : 1264)
mass% (id : 8812),Fe二元系状態図 (id : 1050)
mass% (id : 8812),Mg二元系状態図 (id : 1254)
mass% (id : 8812),Cu二元系状態図 (id : 1141)
mass% (id : 8812),Ti二元系状態図 (id : 1217)
mass% (id : 8812),Ni二元系状態図 (id : 1192)
mass% (id : 8812),Mg二元系状態図 (id : 1263)
mass% (id : 8812),Al二元系状態図 (id : 1099)
mass% (id : 8812),Cu二元系状態図 (id : 1159)
mass% (id : 8812),Pb二元系状態図 (id : 1277)
mass% (id : 8812),Sn二元系状態図 (id : 1296)
mass% (id : 8812),無機化合物の状態図 (id : 1344)
mass% (id : 8812),Ti二元系状態図 (id : 1234)
mass% (id : 8812),無機化合物の状態図 (id : 1324)
mass% (id : 8812),Pb二元系状態図 (id : 1278)
mass% (id : 8812),Mg二元系状態図 (id : 1265)
mass% (id : 8812),Pb二元系状態図 (id : 1280)
mass% (id : 8812),Ni二元系状態図 (id : 1197)
mass% (id : 8812),Al二元系状態図 (id : 1123)
mass% (id : 8812),Pb二元系状態図 (id : 1276)
mass% (id : 8812),Ti二元系状態図 (id : 1243)
mass% (id : 8812),Fe二元系状態図 (id : 1057)
mass% (id : 8812),Cu二元系状態図 (id : 1167)
mass% (id : 8812),Cu二元系状態図 (id : 1154)
mass% (id : 8812),Sn二元系状態図 (id : 1298)
mass% (id : 8812),無機化合物の状態図 (id : 1332)
mass% (id : 8812),Fe二元系状態図 (id : 1041)
mass% (id : 8812),Al二元系状態図 (id : 1102)
mass% (id : 8812),Cu二元系状態図 (id : 1136)
mass% (id : 8812),Pb二元系状態図 (id : 1266)
mass% (id : 8812),Ni二元系状態図 (id : 1183)
mass% (id : 8812),Ti二元系状態図 (id : 1231)
mass% (id : 8812),無機化合物の状態図 (id : 1318)
mass% (id : 8812),Sn二元系状態図 (id : 1317)
mass% (id : 8812),Al二元系状態図 (id : 1120)
mass% (id : 8812),Sn二元系状態図 (id : 1300)
mass% (id : 8812),Al二元系状態図 (id : 1133)
mass% (id : 8812),Fe二元系状態図 (id : 1069)
mass% (id : 8812),Sn二元系状態図 (id : 1315)
mass% (id : 8812),Sn二元系状態図 (id : 1305)
mass% (id : 8812),Sn二元系状態図 (id : 1311)
mass% (id : 8812),Pb二元系状態図 (id : 1281)
mass% (id : 8812),Sn二元系状態図 (id : 1309)
mass% (id : 8812),無機化合物の状態図 (id : 1325)
mass% (id : 8812),Cu二元系状態図 (id : 1149)
mass% (id : 8812),Pb二元系状態図 (id : 1288)
mass% (id : 8812),Fe二元系状態図 (id : 1064)
mass% (id : 8812),Al二元系状態図 (id : 1127)
mass% (id : 8812),Mg二元系状態図 (id : 1250)
mass% (id : 8812),Ti二元系状態図 (id : 1242)
mass% (id : 8812),Fe二元系状態図 (id : 1046)
mass% (id : 8812),Sn二元系状態図 (id : 1303)
mass% (id : 8812),Fe二元系状態図 (id : 1086)
mass% (id : 8812),Fe二元系状態図 (id : 1074)
mass% (id : 8812),Cu二元系状態図 (id : 1139)
mass% (id : 8812),Sn二元系状態図 (id : 1314)
mass% (id : 8812),Sn二元系状態図 (id : 1297)
温度 [K] (id : 6344),けい砂フラン鋳型の熱伝導率 (id : 672)
温度 [K] (id : 6344),各種鋳型砂を使用した乾燥型の熱伝導率 (id : 671)
温度 [K] (id : 6344),各種元素の温度‐蒸気圧曲線（その3） (id : 740)
温度 [K] (id : 6344),炭化物の標準生成自由エネルギー温度図 (id : 180)
温度 [K] (id : 6344),窒化物の標準生成自由エネルギー温度図 (id : 179)
温度 [K] (id : 6344),各種鋳型砂の比熱 (id : 668)
温度 [K] (id : 6344),硫化物の標準生成自由エネルギー温度図 (id : 178)
温度 [K] (id : 6344),各種元素の温度‐蒸気圧曲線（その2）  (id : 739)
温度 [K] (id : 6344),各種元素の温度‐蒸気圧曲線（その1） (id : 738)
温度 [K] (id : 6344),塩化物の標準生成自由エネルギー温度図 (id : 181)
温度 [K] (id : 6344),酸化物の標準生成自由エネルギー温度図 (id : 177)
PbO-SiO2系のSiO2とPbOの活量およびZnO-SiO2系のSiO2とZnOの活量 (id : 334),αi (id : 6639)
Al [wt%] (id : 10201),包析反応を行った合金の組織(Cu-12.3%Al) (id : 1745)
Al [wt%] (id : 10201),Cu-Al系合金の状態図 (id : 2065)
Ni二元系状態図 (id : 1181),温度 [℃] (id : 6595)
塩化物を含まない50℃の水溶液中におけるSUS304ステンレス鋼のCDC地図 (id : 729),電位 [V vs. NHE] (id : 8268)
Al二元系状態図 (id : 1102),温度 [℃] (id : 6595)
合金元素 [mass%] (id : 6531),Fe-C 3元系溶融合金の密度 (1600℃) (id : 121)
鉄鋼の恒温変態（T.T.T.）図 (id : 918),温度 [℃] (id : 6595)
Mg-Zr系状態図 (id : 2020),温度 [℃] (id : 6595)
Fe二元系状態図 (id : 1082),温度 [℃] (id : 6595)
各種ガスの溶解度の温度依存性 (a)気-液間の分配係数 (Kd=lim Pg/Ng) (id : 173),KD [0.1Pa] (id : 6597)
鉄鋼の恒温変態（T.T.T.）図 (id : 912),温度 [℃] (id : 6595)
Cu-Zn系溶融合金の密度 (id : 117),密度 [Mg/m3] (id : 6513)
18%Cr-8%Ni鋼の切断状態図 (id : 2078),温度 [℃] (id : 6595)
HNO3 [%] (id : 8333),硝酸濃度, 温度, グラスライニングの耐食率との関係 (id : 747)
FeO-SiO2系融体の密度 (id : 150),密度 [Mg/m3] (id : 6513)
Ni二元系状態図 (id : 1189),温度 [℃] (id : 6595)
Cu二元系状態図 (id : 1140),温度 [℃] (id : 6595)
Pb二元系状態図 (id : 1266),温度 [℃] (id : 6595)
鉄鋼の恒温変態（T.T.T.）図 (id : 902),温度 [℃] (id : 6595)
Mg二元系状態図 (id : 1259),温度 [℃] (id : 6595)
Fe二元系状態図 (id : 1050),温度 [℃] (id : 6595)
615℃におけるAlの新結晶粒の粒界の移動速度と方位差の関係 (id : 1848),粒界移動速度 [mm/min] (id : 10666)
Pb二元系状態図 (id : 1284),温度 [℃] (id : 6595)
a/b (id : 8336),円孔をもつ帯板の引張形状係数 (id : 748)
a/b (id : 8336),円孔をもつ帯板の平面曲げによる応力分布と形状係数 (id : 752)
a/b (id : 8336),両側に半円切欠をもつ帯板の引張, 曲げ形状係数 (id : 749)
Fe-CrおよびFe-Ni2元状態図 (id : 387),温度 [℃] (id : 6595)
Fe-CrおよびFe-Ni2元状態図 (id : 387),温度 [K] (id : 6344)
時間 [s] (id : 6486),鉄鋼の恒温変態（T.T.T.）図 (id : 895)
時間 [s] (id : 6486),Ti添加鋼とTi無添加鋼の同一オーステナイト結晶粒径での連続冷却変態図の比較 (id : 1448)
時間 [s] (id : 6486),鉄鋼の恒温変態（T.T.T.）図 (id : 920)
時間 [s] (id : 6486),鉄鋼の恒温変態（T.T.T.）図 (id : 918)
時間 [s] (id : 6486),連続冷却変態（C.C.T.）図 (id : 947)
時間 [s] (id : 6486),連続冷却変態（C.C.T.）図 (id : 948)
時間 [s] (id : 6486),鉄鋼の恒温変態（T.T.T.）図 (id : 928)
時間 [s] (id : 6486),鉄鋼の恒温変態（T.T.T.）図 (id : 901)
時間 [s] (id : 6486),鉄鋼の恒温変態（T.T.T.）図 (id : 887)
時間 [s] (id : 6486),鉄鋼の恒温変態（T.T.T.）図 (id : 896)
時間 [s] (id : 6486),鉄鋼の恒温変態（T.T.T.）図 (id : 897)
時間 [s] (id : 6486),鉄鋼の恒温変態（T.T.T.）図 (id : 891)
時間 [s] (id : 6486),鉄鋼の恒温変態（T.T.T.）図 (id : 898)
時間 [s] (id : 6486),鉄鋼の恒温変態（T.T.T.）図 (id : 888)
時間 [s] (id : 6486),連続冷却変態（C.C.T.）図 (id : 931)
時間 [s] (id : 6486),鉄鋼の恒温変態（T.T.T.）図 (id : 917)
時間 [s] (id : 6486),鉄鋼の恒温変態（T.T.T.）図 (id : 902)
時間 [s] (id : 6486),鉄鋼の恒温変態（T.T.T.）図 (id : 903)
時間 [s] (id : 6486),連続冷却変態（C.C.T.）図 (id : 932)
時間 [s] (id : 6486),連続冷却変態（C.C.T.）図 (id : 936)
時間 [s] (id : 6486),連続冷却変態（C.C.T.）図 (id : 933)
時間 [s] (id : 6486),連続冷却変態（C.C.T.）図 (id : 943)
時間 [s] (id : 6486),鉄鋼の恒温変態（T.T.T.）図 (id : 913)
時間 [s] (id : 6486),鉄鋼の恒温変態（T.T.T.）図 (id : 925)
時間 [s] (id : 6486),B-constituentの析出曲線と熱影響部の冷却曲線 (id : 1420)
時間 [s] (id : 6486),連続冷却変態（C.C.T.）図 (id : 944)
時間 [s] (id : 6486),鉄鋼の恒温変態（T.T.T.）図 (id : 890)
時間 [s] (id : 6486),鉄鋼の恒温変態（T.T.T.）図 (id : 922)
時間 [s] (id : 6486),連続冷却変態（C.C.T.）図 (id : 945)
時間 [s] (id : 6486),溶接連続冷却変態図ならびに種々の溶接ボンド冷却曲線と組織および硬さの関係 (id : 1419)
時間 [s] (id : 6486),連続冷却変態（C.C.T.）図 (id : 934)
時間 [s] (id : 6486),鉄鋼の恒温変態（T.T.T.）図 (id : 924)
時間 [s] (id : 6486),鉄鋼の恒温変態（T.T.T.）図 (id : 929)
時間 [s] (id : 6486),鉄鋼の恒温変態（T.T.T.）図 (id : 930)
時間 [s] (id : 6486),鉄鋼の恒温変態（T.T.T.）図 (id : 916)
時間 [s] (id : 6486),鉄鋼の恒温変態（T.T.T.）図 (id : 921)
時間 [s] (id : 6486),鉄鋼の恒温変態（T.T.T.）図 (id : 893)
時間 [s] (id : 6486),鉄鋼の恒温変態（T.T.T.）図 (id : 926)
時間 [s] (id : 6486),鉄鋼の恒温変態（T.T.T.）図 (id : 892)
時間 [s] (id : 6486),鉄鋼の恒温変態（T.T.T.）図 (id : 914)
時間 [s] (id : 6486),連続冷却変態（C.C.T.）図 (id : 946)
時間 [s] (id : 6486),鉄鋼の恒温変態（T.T.T.）図 (id : 919)
時間 [s] (id : 6486),鉄鋼の恒温変態（T.T.T.）図 (id : 886)
時間 [s] (id : 6486),鉄鋼の恒温変態（T.T.T.）図 (id : 894)
時間 [s] (id : 6486),連続冷却変態（C.C.T.）図 (id : 937)
時間 [s] (id : 6486),鋼の状態図と溶接熱サイクル (id : 655)
時間 [s] (id : 6486),同一強度水準での組織と靭性の関係 (id : 1438)
時間 [s] (id : 6486),連続冷却変態（C.C.T.）図 (id : 935)
時間 [s] (id : 6486),連続冷却変態（C.C.T.）図 (id : 942)
時間 [s] (id : 6486),連続冷却変態（C.C.T.）図 (id : 939)
時間 [s] (id : 6486),鉄鋼の恒温変態（T.T.T.）図 (id : 923)
時間 [s] (id : 6486),鉄鋼の恒温変態（T.T.T.）図 (id : 889)
時間 [s] (id : 6486),連続冷却変態（C.C.T.）図 (id : 940)
時間 [s] (id : 6486),連続冷却変態（C.C.T.）図 (id : 938)
時間 [s] (id : 6486),鉄鋼の恒温変態（T.T.T.）図 (id : 915)
時間 [s] (id : 6486),鉄鋼の恒温変態（T.T.T.）図 (id : 899)
時間 [s] (id : 6486),連続冷却変態（C.C.T.）図 (id : 941)
Pb二元系状態図 (id : 1277),温度 [℃] (id : 6595)
無機化合物の状態図 (id : 1354),温度 [℃] (id : 6595)
B-constituentの析出曲線と熱影響部の冷却曲線 (id : 1420),温度 [℃] (id : 6595)
リン酸濃度, 温度, グラスライニングの耐食率との関係 (id : 745),温度 [℃] (id : 6595)
純銅の水素溶解度 (P H2=1atm) (id : 657),水素溶解度 [ppm] (id : 8063)
球孔をもつ丸棒の引張による応力分布と形状係数 (id : 753),α (id : 7021)
無機化合物の状態図 (id : 1344),mass% (id : 8812)
無機化合物の状態図 (id : 1361),温度 [℃] (id : 6595)
Co [at%] (id : 6527),Co-Fe系溶融合金の密度 (id : 113)
Pb二元系状態図 (id : 1278),温度 [℃] (id : 6595)
Mg二元系状態図 (id : 1262),温度 [℃] (id : 6595)
Ni二元系状態図 (id : 1197),温度 [℃] (id : 6595)
包析反応を行った合金の組織(Cu-12.3%Al) (id : 1745),温度 [℃] (id : 6595)
Al二元系状態図 (id : 1123),温度 [℃] (id : 6595)
Cu2S-ZnS, FeS-ZnS系の活量 (1200℃) (id : 365),α (id : 7021)
炭化物の標準生成自由エネルギー温度図 (id : 180),ΔGf° [cal/mol C] (id : 6617)
鉄鋼の恒温変態（T.T.T.）図 (id : 929),温度 [℃] (id : 6595)
Ag-H2O系 (id : 700),E [V] (id : 8217)
共析鋼の等温変態図 (id : 1960),温度 [℃] (id : 6595)
鉄鋼の恒温変態（T.T.T.）図 (id : 916),温度 [℃] (id : 6595)
無機化合物の状態図 (id : 1332),温度 [℃] (id : 6595)
鉄鋼の恒温変態（T.T.T.）図 (id : 907),温度 [℃] (id : 6595)
Sn [mol%] (id : 6539),Pb-Sn系の400℃での粘度 (id : 131)
Sn [mol%] (id : 6539),In-Sn溶融2元合金の表面張力 (id : 147)
Sn [mol%] (id : 6539),Zn-Sn系の粘度 (id : 130)
鉄鋼の恒温変態（T.T.T.）図 (id : 914),温度 [℃] (id : 6595)
Ni二元系状態図 (id : 1208),温度 [℃] (id : 6595)
無機化合物の状態図 (id : 1358),温度 [℃] (id : 6595)
Cu [mass%] (id : 6525),無機化合物の状態図 (id : 1355)
Cu [mass%] (id : 6525),Al-Cu系溶融合金の密度 (id : 109)
Cu [mass%] (id : 6525),Cu-Fe系溶融合金の密度 (id : 114)
r/d (id : 8344),段付丸棒の引張形状係数 (id : 755)
H3PO4 [%] (id : 8332),リン酸濃度, 温度, グラスライニングの耐食率との関係 (id : 745)
調質高張力鋼の溶接用CCTおよび種々の入熱量の溶接ボンド部相当冷却曲線と硬さ (id : 1440),温度 [℃] (id : 6595)
Sn二元系状態図 (id : 1317),温度 [℃] (id : 6595)
m [mol/1000g H2O] (id : 7041),HCN水溶液の濃度と活量の関係 (id : 369)
同一強度水準での組織と靭性の関係 (id : 1438),温度 [℃] (id : 6595)
Sn二元系状態図 (id : 1300),温度 [℃] (id : 6595)
MO-SiO2系融体の密度 (1700℃) (id : 149),密度 [Mg/m3] (id : 6513)
Cd-H2O系 (id : 703),E [V] (id : 8217)
Sn二元系状態図 (id : 1315),温度 [℃] (id : 6595)
Pb二元系状態図 (id : 1274),温度 [℃] (id : 6595)
Al二元系状態図 (id : 1115),温度 [℃] (id : 6595)
Ti二元系状態図 (id : 1243),温度 [℃] (id : 6595)
無機化合物の状態図 (id : 1325),温度 [℃] (id : 6595)
Sn二元系状態図 (id : 1305),温度 [℃] (id : 6595)
チタン2元系合金の室温における電気抵抗 (id : 501),電気抵抗ρ [μΩ・cm] (id : 7380)
水の物性値の温度依存性 (id : 172),ρ [atm], γ [mN/m], ε, ρ [10kg/m3] (id : 6596)
水の物性値の温度依存性 (id : 172),η [10-3Pa・s] (id : 6587)
N PbS (id : 7028),Cu2S-PbS, FeS-PbS系の活量 (1200℃) (id : 364)
Al二元系状態図 (id : 1099),温度 [℃] (id : 6595)
Na-X系 (id : 191),α Na, α X (id : 6630)
円孔をもつ帯板の引張形状係数 (id : 748),α (id : 7021)
Fe-Mn合金における変態温度と濃度の関係 (id : 1878),温度 [℃] (id : 6595)
無機化合物の状態図 (id : 1366),mass% (id : 8812)
Pb二元系状態図 (id : 1267),温度 [℃] (id : 6595)
Ni [mass%] (id : 7116),Fe-CrおよびFe-Ni2元状態図 (id : 387)
Zn-Sn系の粘度 (id : 130),粘度 [mPa・s] (id : 6535)
鉄鋼の恒温変態（T.T.T.）図 (id : 899),硬さ [HRC] (id : 7253)
鉄鋼の恒温変態（T.T.T.）図 (id : 899),温度 [℃] (id : 6595)
Sn二元系状態図 (id : 1314),温度 [℃] (id : 6595)
Sb [mass%] (id : 6529),Cu-Sb系溶融合金の密度 (id : 116)
Sn二元系状態図 (id : 1293),温度 [℃] (id : 6595)
水素分圧 [MPa abs] (id : 7133),高温･高圧水素ガス環境での鋼の使用限度 (id : 1402)
水素分圧 [MPa abs] (id : 7133),高温高圧水素中におけるCr-0.5 MoおよびMn-0.5Mo鋼の使用実績 (id : 393)
水素分圧 [MPa abs] (id : 7133),高温高圧水素中における鋼の使用限界 (id : 392)
CaO-SiO2-Al2O3系融体の粘度 (10-1Pa・s) (id : 156),SiO2 [mass%] (id : 6567)
CaO-SiO2-Al2O3系融体の粘度 (10-1Pa・s) (id : 156),CaO [mass%] (id : 6566)
鉄鋼の恒温変態（T.T.T.）図 (id : 889),硬さ [HRC] (id : 7253)
鉄鋼の恒温変態（T.T.T.）図 (id : 889),温度 [℃] (id : 6595)
窒化物の標準生成自由エネルギー温度図 (id : 179),ΔGf° [cal/mol N2] (id : 6616)
Ni二元系状態図 (id : 1178),温度 [℃] (id : 6595)
けい砂フラン鋳型の熱伝導率 (id : 672),熱伝導率 [W・m-1・K-1] (id : 8098)
けい砂フラン鋳型の熱伝導率 (id : 672),熱伝導率 [10-3cal/cm・s・℃] (id : 8097)
Fe-Cr合金の状態図 (id : 2079),温度 [℃] (id : 6595)
Mg二元系状態図 (id : 1247),温度 [℃] (id : 6595)
無機化合物の状態図 (id : 1342),mass% (id : 8812)
Fe二元系状態図 (id : 1079),温度 [℃] (id : 6595)
温度 ℃  (id : 1087),温度 [℃] (id : 6595)
各種マグネシウム合金砂型鋳物の高温での耐力 (id : 494),耐力 [MPa] (id : 7353)
HCl [%] (id : 8330),塩酸濃度, 温度, グラスライニングの耐食率との関係 (id : 744)
無機化合物の状態図 (id : 1363),温度 [℃] (id : 6595)
Ni二元系状態図 (id : 1205),温度 [℃] (id : 6595)
X [at%] (id : 6532),Sn合金系の液相線における密度（外挿値）と融体密度の温度係数 (id : 125)
X [at%] (id : 6532),In合金系の液相線における密度（外挿値）と融体密度の温度係数 (id : 124)
X [at%] (id : 6532),Al合金系の液相線における密度（外挿値）と融体密度の温度係数 (id : 123)
Cu-Sb系溶融合金の密度 (id : 116),密度 [Mg/m3] (id : 6513)
鉄鋼の恒温変態（T.T.T.）図 (id : 891),硬さ [HRC] (id : 7253)
鉄鋼の恒温変態（T.T.T.）図 (id : 891),温度 [℃] (id : 6595)
連続冷却変態（C.C.T.）図 (id : 935),温度 [℃] (id : 6595)
800℃からの冷却時間, s (id : 9243),Ni-Cr-Mo鋼の熱処理CTT図,　TTT図とベイナイト処理曲線 (id : 1439)
Fe二元系状態図 (id : 1078),温度 [℃] (id : 6595)
CaO-FeO-SiO2系融体の表面張力 [mN/m] (1400℃) (id : 165),SiO2 [mass%] (id : 6567)
CaO-FeO-SiO2系融体の表面張力 [mN/m] (1400℃) (id : 165),CaO [mass%] (id : 6566)
Ti二元系状態図 (id : 1226),温度 [℃] (id : 6595)
鉄鋼の恒温変態（T.T.T.）図 (id : 903),温度 [℃] (id : 6595)
Fe二元系状態図 (id : 1056),温度 [℃] (id : 6595)
連続冷却変態（C.C.T.）図 (id : 932),温度 [℃] (id : 6595)
無機化合物の状態図 (id : 1324),温度 [℃] (id : 6595)
連続冷却変態（C.C.T.）図 (id : 933),温度 [℃] (id : 6595)
無機化合物の状態図 (id : 1336),温度 [℃] (id : 6595)
無機化合物の状態図 (id : 1362),温度 [℃] (id : 6595)
Cu二元系状態図 (id : 1146),温度 [℃] (id : 6595)
Al二元系状態図 (id : 1098),温度 [℃] (id : 6595)
Cu二元系状態図 (id : 1160),温度 [℃] (id : 6595)
高温高圧水素中におけるCr-0.5 MoおよびMn-0.5Mo鋼の使用実績 (id : 393),温度 [℃] (id : 6595)
高温高圧水素中におけるCr-0.5 MoおよびMn-0.5Mo鋼の使用実績 (id : 393),温度 [°F] (id : 7135)
鉄鋼の恒温変態（T.T.T.）図 (id : 925),温度 [℃] (id : 6595)
Pb二元系状態図 (id : 1276),温度 [℃] (id : 6595)
4%Alのダイカスト合金の長さ変化に及ぼすPb量の影響 (id : 2245),長さ変化/% (id : 12004)
Sn二元系状態図 (id : 1296),温度 [℃] (id : 6595)
Al二元系状態図 (id : 1124),温度 [℃] (id : 6595)
Cu2S-FeS　系の活量 (id : 363),α (id : 7021)
高温高圧水素中における鋼の使用限界 (id : 392),温度 [℃] (id : 6595)
高温高圧水素中における鋼の使用限界 (id : 392),温度 [°F] (id : 7135)
Cu二元系状態図 (id : 1169),温度 [℃] (id : 6595)
Mg二元系状態図 (id : 1256),温度 [℃] (id : 6595)
Ni二元系状態図 (id : 1180),温度 [℃] (id : 6595)
Ti-H2O系 (id : 687),E [V] (id : 8217)
HCN水溶液の濃度と活量の関係 (id : 369),αi (id : 6639)
Zn-H2O系 (id : 702),E [V] (id : 8217)
無機化合物の状態図 (id : 1327),温度 [℃] (id : 6595)
Cu二元系状態図 (id : 1142),温度 [℃] (id : 6595)
Ni [at%] (id : 6530),Ni-Fe系溶融合金の密度 (1550℃) (id : 119)
時間 [min] (id : 10677),鋳鉄の熱分析曲線におよぼす接種の効果 (id : 2021)
Fe二元系状態図 (id : 1052),温度 [℃] (id : 6595)
Ni二元系状態図 (id : 1211),温度 [℃] (id : 6595)
Al二元系状態図 (id : 1094),温度 [℃] (id : 6595)
鉄鋼の恒温変態（T.T.T.）図 (id : 904),温度 [℃] (id : 6595)
Cu二元系状態図 (id : 1168),温度 [℃] (id : 6595)
Cu二元系状態図 (id : 1170),温度 [℃] (id : 6595)
連続冷却変態（C.C.T.）図 (id : 948),温度 [℃] (id : 6595)
Fe二元系状態図 (id : 1073),温度 [℃] (id : 6595)
Ni二元系状態図 (id : 1203),温度 [℃] (id : 6595)
温度 [°F] (id : 7135),タングステン, モリブデンの熱膨張特性 (id : 617)
連続冷却変態（C.C.T.）図 (id : 946),温度 [℃] (id : 6595)
Sn二元系状態図 (id : 1297),温度 [℃] (id : 6595)
pH (id : 8216),Zn-H2O系 (id : 702)
pH (id : 8216),塩化物を含まない50℃の水溶液中におけるSUS304ステンレス鋼のCDC地図 (id : 729)
pH (id : 8216),Mg-H2O系 (id : 686)
pH (id : 8216),Cr-H2O系 (id : 695)
pH (id : 8216),Ag-H2O系 (id : 700)
pH (id : 8216),Cu-H2O系 (id : 699)
pH (id : 8216),Cd-H2O系 (id : 703)
pH (id : 8216),Sn-H2O系 (id : 704)
pH (id : 8216),Fe-H2O系 (id : 696)
pH (id : 8216),Al-H2O系 (id : 693)
pH (id : 8216),Ni-H2O系 (id : 697)
pH (id : 8216),1kmol・m-3NaCl を含む50℃の水溶液中におけるSUS304ステンレス鋼のCDC地図 (id : 730)
pH (id : 8216),Ti-H2O系 (id : 687)
pH (id : 8216),Pb-H2O系 (id : 705)
Al二元系状態図 (id : 1093),温度 [℃] (id : 6595)
Sn二元系状態図 (id : 1316),温度 [℃] (id : 6595)
Sb [%] (id : 11093),Pb-Sb合金の状態図と流動長の関係 (id : 1993)
Sb [%] (id : 11093),Cd-Sb合金の状態図と流動長の関係 (id : 1995)
連続冷却変態（C.C.T.）図 (id : 937),温度 [℃] (id : 6595)
C [mass%] (id : 6390),Fe-C系溶融合金の密度 (1600℃) (id : 122)
C [mass%] (id : 6390),Fe二元系状態図 (id : 1036)
C [mass%] (id : 6390),Co-C系溶融合金の密度 (id : 112)
C [mass%] (id : 6390),Fe二元系状態図 (id : 1034)
C [mass%] (id : 6390),Ni-C系溶融合金の密度 (id : 118)
C [mass%] (id : 6390),鋼の熱処理用加熱温度 (id : 409)
Ag-Pb系溶融合金の密度 (id : 108),密度 [Mg/m3] (id : 6513)
CuZnのヤング率の温度変化 (id : 1759),ヤング率 [×10 3kg/mm2] (id : 10315)
Ti二元系状態図 (id : 1219),温度 [℃] (id : 6595)
Cu二元系状態図 (id : 1157),温度 [℃] (id : 6595)
Al二元系状態図 (id : 1116),温度 [℃] (id : 6595)
Cu-Al系合金の状態図 (id : 2065),温度 [℃] (id : 6595)
CaO-MnO-SiO2系のMnOの活量 [1773K] (id : 346),SiO2 [mass%] (id : 6567)
CaO-MnO-SiO2系のMnOの活量 [1773K] (id : 346),CaO [mass%] (id : 6566)
Pb-Sb合金の状態図と流動長の関係 (id : 1993),流動長 [cm] (id : 11098)
Pb-Sb合金の状態図と流動長の関係 (id : 1993),温度 [℃] (id : 6595)
添加元素 [mass%] (id : 6537),Fe系溶融2元合金の粘度 (1550℃)(Ⅱ) (id : 128)
添加元素 [mass%] (id : 6537),Fe系溶融2元合金の粘度 (1550℃)(Ⅰ) (id : 127)
両側に半円切欠をもつ帯板の引張, 曲げ形状係数 (id : 749),α (id : 7021)
Fe二元系状態図 (id : 1062),温度 [℃] (id : 6595)
Ni二元系状態図 (id : 1196),温度 [℃] (id : 6595)
Mg二元系状態図 (id : 1257),温度 [℃] (id : 6595)
純鉄の水素溶解度 (P H2=1atm) (id : 658),水素溶解度 [ppm] (id : 8063)
Cu二元系状態図 (id : 1143),温度 [℃] (id : 6595)
33%引張加工した市販銅の過熱による性質の変化 (Clarebroughら) (id : 1769),熱量変化 ΔP [mW] (id : 10358)
33%引張加工した市販銅の過熱による性質の変化 (Clarebroughら) (id : 1769),抵抗変化率 ΔR/R×100 (id : 10359)
M2O-SiO2系融体の密度 (1400℃) (id : 148),密度 [Mg/m3] (id : 6513)
Pb二元系状態図 (id : 1288),温度 [℃] (id : 6595)
Cu二元系状態図 (id : 1151),温度 [℃] (id : 6595)
Pb二元系状態図 (id : 1269),温度 [℃] (id : 6595)
各種オーステナイト耐熱鋼のクリープ強さ(1%/10 5h)の比較 (id : 397),応力 [MPa] (id : 7082)
Ni二元系状態図 (id : 1188),温度 [℃] (id : 6595)
Mg二元系状態図 (id : 1249),温度 [℃] (id : 6595)
鋼に状態図と急冷による2相析出が起こる範囲の模型 (id : 1860),温度 [℃] (id : 6595)
Cu二元系状態図 (id : 1166),温度 [℃] (id : 6595)
0.17%C-(0.07~0.65)%Si-1.40%Mn-0.07%Al鋼の1,300℃でオーステナイト化した場合のCCT図 (id : 1475),温度 [℃] (id : 6595)
Bi-Pb合金の粘性と状態図の関係 (id : 1988),粘性係数 [cP] (id : 11097)
Bi-Pb合金の粘性と状態図の関係 (id : 1988),温度 [℃] (id : 6595)
ビードオンプレートのビード下部の熱サイクル (id : 1664),温度 [℃] (id : 6595)
Ti二元系状態図 (id : 1239),温度 [℃] (id : 6595)
Ni二元系状態図 (id : 1204),温度 [℃] (id : 6595)
Al二元系状態図 (id : 1132),温度 [℃] (id : 6595)
Pb二元系状態図 (id : 1290),温度 [℃] (id : 6595)
Ti二元系状態図 (id : 1230),温度 [℃] (id : 6595)
Ni二元系状態図 (id : 1187),温度 [℃] (id : 6595)
Cu-Al合金系の平衡状態図 (id : 1762),温度 [℃] (id : 6595)
無機化合物の状態図 (id : 1328),温度 [℃] (id : 6595)
Cu二元系状態図 (id : 1138),温度 [℃] (id : 6595)
Zn中刃状転位粒界の350℃にいおける移動速度(9.19psiのせん断応力負荷) (id : 1847),粒界移動速度 [mm/min] (id : 10666)
Al二元系状態図 (id : 1103),温度 [℃] (id : 6595)
Cu二元系状態図 (id : 1172),温度 [℃] (id : 6595)
P [wt%] (id : 10184),Cu-10%P合金の初晶と共晶組織 (id : 1742)
鉄鋼の恒温変態（T.T.T.）図 (id : 917),温度 [℃] (id : 6595)
各種ガスの溶解度の温度依存性 (b)溶解度 (1atm) (id : 174),溶解度 [mol/kgH2O] (id : 6598)
Fe-C-Si合金の水素溶解度 (P H2=1atm) (id : 664),水素溶解度 [ppm] (id : 8063)
Fe二元系状態図 (id : 1036),温度 [℃] (id : 6595)
mol % (id : 8878),無機化合物の状態図 (id : 1372)
mol % (id : 8878),無機化合物の状態図 (id : 1333)
mol % (id : 8878),無機化合物の状態図 (id : 1365)
mol % (id : 8878),無機化合物の状態図 (id : 1357)
mol % (id : 8878),無機化合物の状態図 (id : 1367)
mol % (id : 8878),無機化合物の状態図 (id : 1371)
mol % (id : 8878),無機化合物の状態図 (id : 1363)
mol % (id : 8878),無機化合物の状態図 (id : 1360)
mol % (id : 8878),無機化合物の状態図 (id : 1326)
mol % (id : 8878),無機化合物の状態図 (id : 1328)
mol % (id : 8878),無機化合物の状態図 (id : 1358)
mol % (id : 8878),無機化合物の状態図 (id : 1368)
mol % (id : 8878),無機化合物の状態図 (id : 1370)
mol % (id : 8878),無機化合物の状態図 (id : 1331)
mol % (id : 8878),無機化合物の状態図 (id : 1353)
mol % (id : 8878),無機化合物の状態図 (id : 1364)
mol % (id : 8878),無機化合物の状態図 (id : 1362)
mol % (id : 8878),無機化合物の状態図 (id : 1354)
mol % (id : 8878),無機化合物の状態図 (id : 1335)
mol % (id : 8878),無機化合物の状態図 (id : 1369)
mol % (id : 8878),無機化合物の状態図 (id : 1356)
mol % (id : 8878),無機化合物の状態図 (id : 1348)
mol % (id : 8878),無機化合物の状態図 (id : 1359)
mol % (id : 8878),無機化合物の状態図 (id : 1361)
mol % (id : 8878),無機化合物の状態図 (id : 1349)
連続冷却変態（C.C.T.）図 (id : 936),温度 [℃] (id : 6595)
Fe二元系状態図 (id : 1065),温度 [℃] (id : 6595)
Pb-Sn系の400℃での粘度 (id : 131),粘度 [mPa・s] (id : 6535)
Al二元系状態図 (id : 1119),温度 [℃] (id : 6595)
Al二元系状態図 (id : 1131),温度 [℃] (id : 6595)
Cu二元系状態図 (id : 1173),温度 [℃] (id : 6595)
In-X系 (id : 189),α In, α X (id : 6628)
Fe-C系溶融合金の密度 (1600℃) (id : 122),密度 [Mg/m3] (id : 6513)
Fe二元系状態図 (id : 1068),温度 [℃] (id : 6595)
鋳鉄の熱分析曲線におよぼす接種の効果 (id : 2021),温度 [℃] (id : 6595)
Fe-C 3元系溶融合金の密度 (1600℃) (id : 121),密度 [Mg/m3] (id : 6513)
at% (id : 7379),Sn二元系状態図 (id : 1293)
at% (id : 7379),Fe二元系状態図 (id : 1077)
at% (id : 7379),Ni二元系状態図 (id : 1178)
at% (id : 7379),温度 ℃  (id : 1087)
at% (id : 7379),Sn二元系状態図 (id : 1294)
at% (id : 7379),Mg二元系状態図 (id : 1247)
at% (id : 7379),Ti二元系状態図 (id : 1224)
at% (id : 7379),Al二元系状態図 (id : 1118)
at% (id : 7379),Ni二元系状態図 (id : 1205)
at% (id : 7379),Al二元系状態図 (id : 1114)
at% (id : 7379),Pb二元系状態図 (id : 1291)
at% (id : 7379),Fe二元系状態図 (id : 1078)
at% (id : 7379),Ni二元系状態図 (id : 1182)
at% (id : 7379),Mg二元系状態図 (id : 1249)
at% (id : 7379),Fe二元系状態図 (id : 1056)
at% (id : 7379),Ni二元系状態図 (id : 1193)
at% (id : 7379),Ni二元系状態図 (id : 1213)
at% (id : 7379),無機化合物の状態図 (id : 1350)
at% (id : 7379),Cu二元系状態図 (id : 1146)
at% (id : 7379),Mg二元系状態図 (id : 1259)
at% (id : 7379),Cu二元系状態図 (id : 1160)
at% (id : 7379),Mg二元系状態図 (id : 1253)
at% (id : 7379),Fe二元系状態図 (id : 1083)
at% (id : 7379),Al二元系状態図 (id : 1124)
at% (id : 7379),Cu二元系状態図 (id : 1163)
at% (id : 7379),Ti二元系状態図 (id : 1238)
at% (id : 7379),Cu二元系状態図 (id : 1169)
at% (id : 7379),Fe二元系状態図 (id : 1063)
at% (id : 7379),Al二元系状態図 (id : 1110)
at% (id : 7379),Ni二元系状態図 (id : 1180)
at% (id : 7379),Pb二元系状態図 (id : 1268)
at% (id : 7379),Al二元系状態図 (id : 1106)
at% (id : 7379),Pb二元系状態図 (id : 1274)
at% (id : 7379),Cu二元系状態図 (id : 1142)
at% (id : 7379),Fe二元系状態図 (id : 1079)
at% (id : 7379),Fe二元系状態図 (id : 1052)
at% (id : 7379),Ti二元系状態図 (id : 1219)
at% (id : 7379),Al二元系状態図 (id : 1094)
at% (id : 7379),Cu二元系状態図 (id : 1168)
at% (id : 7379),Cu二元系状態図 (id : 1170)
at% (id : 7379),Fe二元系状態図 (id : 1060)
at% (id : 7379),Pb二元系状態図 (id : 1270)
at% (id : 7379),Fe二元系状態図 (id : 1073)
at% (id : 7379),Sn二元系状態図 (id : 1295)
at% (id : 7379),Sn二元系状態図 (id : 1292)
at% (id : 7379),Ti二元系状態図 (id : 1236)
at% (id : 7379),Al二元系状態図 (id : 1108)
at% (id : 7379),Al二元系状態図 (id : 1093)
at% (id : 7379),Ni二元系状態図 (id : 1191)
at% (id : 7379),Sn二元系状態図 (id : 1302)
at% (id : 7379),Mg二元系状態図 (id : 1256)
at% (id : 7379),Ni二元系状態図 (id : 1211)
at% (id : 7379),Al二元系状態図 (id : 1116)
at% (id : 7379),Pb二元系状態図 (id : 1285)
at% (id : 7379),Al二元系状態図 (id : 1111)
at% (id : 7379),Mg二元系状態図 (id : 1262)
at% (id : 7379),Pb二元系状態図 (id : 1271)
at% (id : 7379),Fe二元系状態図 (id : 1062)
at% (id : 7379),Ni二元系状態図 (id : 1196)
at% (id : 7379),Mg二元系状態図 (id : 1257)
at% (id : 7379),Cu二元系状態図 (id : 1143)
at% (id : 7379),Cu二元系状態図 (id : 1151)
at% (id : 7379),Pb二元系状態図 (id : 1269)
at% (id : 7379),Ni二元系状態図 (id : 1188)
at% (id : 7379),Ti二元系状態図 (id : 1226)
at% (id : 7379),Sn二元系状態図 (id : 1301)
at% (id : 7379),Cu二元系状態図 (id : 1166)
at% (id : 7379),Ti二元系状態図 (id : 1237)
at% (id : 7379),Pb二元系状態図 (id : 1267)
at% (id : 7379),Ti二元系状態図 (id : 1239)
at% (id : 7379),Al二元系状態図 (id : 1088)
at% (id : 7379),Al二元系状態図 (id : 1125)
at% (id : 7379),Al二元系状態図 (id : 1101)
at% (id : 7379),Al二元系状態図 (id : 1132)
at% (id : 7379),Ni二元系状態図 (id : 1179)
at% (id : 7379),Pb二元系状態図 (id : 1290)
at% (id : 7379),Pb二元系状態図 (id : 1279)
at% (id : 7379),Mg二元系状態図 (id : 1255)
at% (id : 7379),Cu二元系状態図 (id : 1144)
at% (id : 7379),Ni二元系状態図 (id : 1187)
at% (id : 7379),Cu二元系状態図 (id : 1145)
at% (id : 7379),Cu二元系状態図 (id : 1155)
at% (id : 7379),Cu二元系状態図 (id : 1138)
at% (id : 7379),Al二元系状態図 (id : 1103)
at% (id : 7379),Cu二元系状態図 (id : 1152)
at% (id : 7379),Fe二元系状態図 (id : 1085)
at% (id : 7379),Ti二元系状態図 (id : 1221)
at% (id : 7379),Ni二元系状態図 (id : 1190)
at% (id : 7379),Ni二元系状態図 (id : 1194)
at% (id : 7379),Ni二元系状態図 (id : 1206)
at% (id : 7379),Al二元系状態図 (id : 1129)
at% (id : 7379),Al二元系状態図 (id : 1096)
at% (id : 7379),Al二元系状態図 (id : 1119)
at% (id : 7379),Al二元系状態図 (id : 1131)
at% (id : 7379),Pb二元系状態図 (id : 1282)
at% (id : 7379),Al二元系状態図 (id : 1095)
at% (id : 7379),Fe二元系状態図 (id : 1048)
at% (id : 7379),Fe二元系状態図 (id : 1068)
at% (id : 7379),Cu二元系状態図 (id : 1171)
at% (id : 7379),Ni二元系状態図 (id : 1199)
at% (id : 7379),Fe二元系状態図 (id : 1053)
at% (id : 7379),Cu二元系状態図 (id : 1161)
at% (id : 7379),Ni二元系状態図 (id : 1203)
at% (id : 7379),Al二元系状態図 (id : 1130)
at% (id : 7379),Fe二元系状態図 (id : 1080)
at% (id : 7379),Al二元系状態図 (id : 1113)
at% (id : 7379),Ti二元系状態図 (id : 1229)
at% (id : 7379),Cu二元系状態図 (id : 1156)
at% (id : 7379),Fe二元系状態図 (id : 1039)
at% (id : 7379),Ti二元系状態図 (id : 1220)
at% (id : 7379),無機化合物の状態図 (id : 1351)
at% (id : 7379),Al二元系状態図 (id : 1090)
at% (id : 7379),Cu二元系状態図 (id : 1153)
at% (id : 7379),Al二元系状態図 (id : 1122)
at% (id : 7379),Cu二元系状態図 (id : 1162)
at% (id : 7379),Pb二元系状態図 (id : 1275)
at% (id : 7379),Al二元系状態図 (id : 1115)
at% (id : 7379),Pb二元系状態図 (id : 1289)
at% (id : 7379),Ti二元系状態図 (id : 1225)
at% (id : 7379),Cu二元系状態図 (id : 1165)
at% (id : 7379),Sn二元系状態図 (id : 1316)
at% (id : 7379),Fe二元系状態図 (id : 1084)
at% (id : 7379),Fe二元系状態図 (id : 1049)
at% (id : 7379),Al二元系状態図 (id : 1112)
at% (id : 7379),Ni二元系状態図 (id : 1215)
at% (id : 7379),Cu二元系状態図 (id : 1172)
at% (id : 7379),Al二元系状態図 (id : 1117)
at% (id : 7379),Pb二元系状態図 (id : 1284)
at% (id : 7379),Ni二元系状態図 (id : 1184)
at% (id : 7379),Al二元系状態図 (id : 1128)
at% (id : 7379),Pb二元系状態図 (id : 1287)
at% (id : 7379),Ni二元系状態図 (id : 1208)
at% (id : 7379),Cu二元系状態図 (id : 1173)
at% (id : 7379),Ni二元系状態図 (id : 1209)
at% (id : 7379),Fe二元系状態図 (id : 1071)
at% (id : 7379),Sn二元系状態図 (id : 1307)
at% (id : 7379),Fe二元系状態図 (id : 1054)
at% (id : 7379),Ti二元系状態図 (id : 1216)
at% (id : 7379),Ni二元系状態図 (id : 1201)
at% (id : 7379),Al二元系状態図 (id : 1098)
at% (id : 7379),Al二元系状態図 (id : 1135)
at% (id : 7379),Al二元系状態図 (id : 1104)
at% (id : 7379),Mg二元系状態図 (id : 1261)
at% (id : 7379),Mg二元系状態図 (id : 1251)
at% (id : 7379),Pb二元系状態図 (id : 1283)
at% (id : 7379),Ni二元系状態図 (id : 1214)
at% (id : 7379),Fe二元系状態図 (id : 1065)
at% (id : 7379),Al二元系状態図 (id : 1109)
at% (id : 7379),Mg二元系状態図 (id : 1258)
at% (id : 7379),Ti二元系状態図 (id : 1230)
at% (id : 7379),Fe二元系状態図 (id : 1044)
at% (id : 7379),Al二元系状態図 (id : 1097)
at% (id : 7379),Ti二元系状態図 (id : 1235)
at% (id : 7379),Sn二元系状態図 (id : 1310)
at% (id : 7379),Ti二元系状態図 (id : 1222)
at% (id : 7379),Pb二元系状態図 (id : 1272)
at% (id : 7379),Ni二元系状態図 (id : 1204)
at% (id : 7379),Mg二元系状態図 (id : 1248)
at% (id : 7379),Cu二元系状態図 (id : 1174)
at% (id : 7379),Al二元系状態図 (id : 1126)
at% (id : 7379),Al二元系状態図 (id : 1107)
at% (id : 7379),Sn二元系状態図 (id : 1313)
at% (id : 7379),Al二元系状態図 (id : 1121)
at% (id : 7379),Ti二元系状態図 (id : 1218)
at% (id : 7379),Al二元系状態図 (id : 1091)
at% (id : 7379),Ti二元系状態図 (id : 1228)
at% (id : 7379),Sn二元系状態図 (id : 1306)
at% (id : 7379),Al二元系状態図 (id : 1105)
at% (id : 7379),Ni二元系状態図 (id : 1210)
at% (id : 7379),Ni二元系状態図 (id : 1200)
at% (id : 7379),Fe二元系状態図 (id : 1066)
at% (id : 7379),Sn二元系状態図 (id : 1308)
at% (id : 7379),Fe二元系状態図 (id : 1058)
at% (id : 7379),Fe二元系状態図 (id : 1082)
at% (id : 7379),Ni二元系状態図 (id : 1177)
at% (id : 7379),Sn二元系状態図 (id : 1304)
at% (id : 7379),Fe二元系状態図 (id : 1059)
at% (id : 7379),Mg二元系状態図 (id : 1260)
at% (id : 7379),Ni二元系状態図 (id : 1198)
at% (id : 7379),Pb二元系状態図 (id : 1286)
at% (id : 7379),Al二元系状態図 (id : 1092)
at% (id : 7379),Ni二元系状態図 (id : 1186)
at% (id : 7379),Ni二元系状態図 (id : 1202)
at% (id : 7379),Mg二元系状態図 (id : 1246)
at% (id : 7379),Fe二元系状態図 (id : 1076)
at% (id : 7379),Mg二元系状態図 (id : 1245)
at% (id : 7379),Ti二元系状態図 (id : 1223)
at% (id : 7379),Ti二元系状態図 (id : 1240)
at% (id : 7379),Sn二元系状態図 (id : 1312)
at% (id : 7379),Fe二元系状態図 (id : 1037)
at% (id : 7379),Ti二元系状態図 (id : 1227)
at% (id : 7379),Cu二元系状態図 (id : 1148)
at% (id : 7379),Ni二元系状態図 (id : 1207)
at% (id : 7379),Ti二元系状態図 (id : 1232)
at% (id : 7379),Cu二元系状態図 (id : 1176)
at% (id : 7379),Ni二元系状態図 (id : 1212)
at% (id : 7379),Ti二元系状態図 (id : 1233)
at% (id : 7379),Fe二元系状態図 (id : 1042)
at% (id : 7379),Cu二元系状態図 (id : 1158)
at% (id : 7379),Al二元系状態図 (id : 1134)
at% (id : 7379),Ni二元系状態図 (id : 1181)
at% (id : 7379),Cu二元系状態図 (id : 1150)
at% (id : 7379),Al二元系状態図 (id : 1100)
at% (id : 7379),Mg二元系状態図 (id : 1252)
at% (id : 7379),Pb二元系状態図 (id : 1273)
at% (id : 7379),Sn二元系状態図 (id : 1299)
at% (id : 7379),Ni二元系状態図 (id : 1189)
at% (id : 7379),Cu二元系状態図 (id : 1140)
at% (id : 7379),Mg二元系状態図 (id : 1264)
at% (id : 7379),Fe二元系状態図 (id : 1050)
at% (id : 7379),Mg二元系状態図 (id : 1254)
at% (id : 7379),Cu二元系状態図 (id : 1141)
at% (id : 7379),Ti二元系状態図 (id : 1217)
at% (id : 7379),Ni二元系状態図 (id : 1192)
at% (id : 7379),Mg二元系状態図 (id : 1263)
at% (id : 7379),Al二元系状態図 (id : 1099)
at% (id : 7379),Cu二元系状態図 (id : 1159)
at% (id : 7379),Pb二元系状態図 (id : 1277)
at% (id : 7379),Sn二元系状態図 (id : 1296)
at% (id : 7379),Ti二元系状態図 (id : 1234)
at% (id : 7379),Cu二元系状態図 (id : 1157)
at% (id : 7379),Pb二元系状態図 (id : 1278)
at% (id : 7379),Mg二元系状態図 (id : 1265)
at% (id : 7379),Pb二元系状態図 (id : 1280)
at% (id : 7379),Ni二元系状態図 (id : 1197)
at% (id : 7379),Al二元系状態図 (id : 1123)
at% (id : 7379),Pb二元系状態図 (id : 1276)
at% (id : 7379),Ti二元系状態図 (id : 1243)
at% (id : 7379),Fe二元系状態図 (id : 1057)
at% (id : 7379),Cu二元系状態図 (id : 1167)
at% (id : 7379),Cu二元系状態図 (id : 1154)
at% (id : 7379),Sn二元系状態図 (id : 1298)
at% (id : 7379),Fe二元系状態図 (id : 1041)
at% (id : 7379),Al二元系状態図 (id : 1102)
at% (id : 7379),Cu二元系状態図 (id : 1136)
at% (id : 7379),Pb二元系状態図 (id : 1266)
at% (id : 7379),Ni二元系状態図 (id : 1183)
at% (id : 7379),Al二元系状態図 (id : 1089)
at% (id : 7379),Sn二元系状態図 (id : 1317)
at% (id : 7379),Al二元系状態図 (id : 1120)
at% (id : 7379),Sn二元系状態図 (id : 1300)
at% (id : 7379),Al二元系状態図 (id : 1133)
at% (id : 7379),Fe二元系状態図 (id : 1069)
at% (id : 7379),Sn二元系状態図 (id : 1315)
at% (id : 7379),Sn二元系状態図 (id : 1305)
at% (id : 7379),Sn二元系状態図 (id : 1311)
at% (id : 7379),Pb二元系状態図 (id : 1281)
at% (id : 7379),Sn二元系状態図 (id : 1309)
at% (id : 7379),Cu二元系状態図 (id : 1149)
at% (id : 7379),チタン2元系合金の室温における電気抵抗 (id : 501)
at% (id : 7379),Pb二元系状態図 (id : 1288)
at% (id : 7379),Fe二元系状態図 (id : 1064)
at% (id : 7379),Al二元系状態図 (id : 1127)
at% (id : 7379),Mg二元系状態図 (id : 1250)
at% (id : 7379),Ti二元系状態図 (id : 1242)
at% (id : 7379),Fe二元系状態図 (id : 1046)
at% (id : 7379),Sn二元系状態図 (id : 1303)
at% (id : 7379),Fe二元系状態図 (id : 1086)
at% (id : 7379),Fe二元系状態図 (id : 1074)
at% (id : 7379),Cu二元系状態図 (id : 1139)
at% (id : 7379),Sn二元系状態図 (id : 1314)
at% (id : 7379),Sn二元系状態図 (id : 1297)
円孔をもつ帯板の平面曲げによる応力分布と形状係数 (id : 752),α (id : 7021)
連続冷却変態（C.C.T.）図 (id : 944),温度 [℃] (id : 6595)
鉄鋼の恒温変態（T.T.T.）図 (id : 890),硬さ [HRC] (id : 7253)
鉄鋼の恒温変態（T.T.T.）図 (id : 890),温度 [℃] (id : 6595)
Agの格子拡散と粒界および表面拡散 (id : 1748),拡散係数 [cm2/sec] (id : 10213)
Al二元系状態図 (id : 1108),温度 [℃] (id : 6595)
Ag-X系 (id : 182),α Ag, α X (id : 6621)
Rene95におけるHIP処理のみおよびHIP処理+鋳造の場合の機械的特性の比較 (id : 614),応力 [MPa] (id : 7082)
Rene95におけるHIP処理のみおよびHIP処理+鋳造の場合の機械的特性の比較 (id : 614),応力 [ksi] (id : 7779)
Sn二元系状態図 (id : 1306),温度 [℃] (id : 6595)
Mn [at%] (id : 11310),Ti-Mn系合金の状態図 (id : 2066)
Ti二元系状態図 (id : 1229),温度 [℃] (id : 6595)
各種合金のクリープラプチャー強さ (id : 526),10 3hラプチャー強さ [MPa] (id : 7446)
無機化合物の状態図 (id : 1345),mass% (id : 8812)
Fe系溶融2元合金の粘度 (1550℃)(Ⅰ) (id : 127),粘度 [mPa・s] (id : 6535)
鉄鋼の恒温変態（T.T.T.）図 (id : 930),温度 [℃] (id : 6595)
Cu二元系状態図 (id : 1156),温度 [℃] (id : 6595)
鉄鋼の恒温変態（T.T.T.）図 (id : 927),温度 [℃] (id : 6595)
各種元素の温度‐蒸気圧曲線（その2）  (id : 739),蒸気圧 [Torr] (id : 8301)
各種元素の温度‐蒸気圧曲線（その2）  (id : 739),蒸気圧 [MPa] (id : 8302)
Fe二元系状態図 (id : 1039),温度 [℃] (id : 6595)
Ti二元系状態図 (id : 1220),温度 [℃] (id : 6595)
時間 [h] (id : 7395),4%Alのダイカスト合金の長さ変化に及ぼすPb量の影響 (id : 2245)
時間 [h] (id : 7395),工業用ジルコニウム合金, (a)702および(b)705のクリープ破断曲線 (id : 509)
Pb二元系状態図 (id : 1279),温度 [℃] (id : 6595)
Al二元系状態図 (id : 1090),温度 [℃] (id : 6595)
ΔCpのBragg-Williams理論値(a)とβ黄銅に対する比熱の実験値(b) (id : 1761),異常比熱 ΔCp/R (id : 10318)
ΔCpのBragg-Williams理論値(a)とβ黄銅に対する比熱の実験値(b) (id : 1761),比熱 [cal/g deg] (id : 10319)
無機化合物の状態図 (id : 1369),温度 [℃] (id : 6595)
Sb-X系 (id : 194),α Sb, α X (id : 6633)
鉄鋼の恒温変態（T.T.T.）図 (id : 910),温度 [℃] (id : 6595)
Ni二元系状態図 (id : 1214),温度 [℃] (id : 6595)
Sb-Zn系溶融合金の密度 (id : 120),密度 [Mg/m3] (id : 6513)
塩化物の標準生成自由エネルギー温度図 (id : 181),ΔGf° [cal/mol Cl2] (id : 6618)
Fe-Ni-Mn合金の等温アルテンサイト変態 (id : 1874),温度 [℃] (id : 6595)
Cr濃度 [at%] (id : 10065),Ni-Cr系状態図 (id : 1719)
Cu二元系状態図 (id : 1165),温度 [℃] (id : 6595)
時間 (id : 7927),共析鋼のCCT図 (id : 1977)
時間 (id : 7927),Ni鋼の等温変態図 (id : 1964)
時間 (id : 7927),Cr鋼の等温変態図 (id : 1966)
時間 (id : 7927),合金鋼のTTT図とCCT図の関係(Cr-Mo鋼) (id : 1979)
時間 (id : 7927),亜共析鋼の等温変態図 (id : 1962)
CaO-Al2O3系のAl2O3とCaOの活量 (id : 336),αi (id : 6639)
Fe二元系状態図 (id : 1049),温度 [℃] (id : 6595)
Al二元系状態図 (id : 1112),温度 [℃] (id : 6595)
Ni二元系状態図 (id : 1215),温度 [℃] (id : 6595)
Al二元系状態図 (id : 1117),温度 [℃] (id : 6595)
Ni二元系状態図 (id : 1192),温度 [℃] (id : 6595)
Ni二元系状態図 (id : 1184),温度 [℃] (id : 6595)
Ti二元系状態図 (id : 1234),温度 [℃] (id : 6595)
Cu二元系状態図 (id : 1136),温度 [℃] (id : 6595)
無機化合物の状態図 (id : 1352),温度 [℃] (id : 6595)
Fe二元系状態図 (id : 1071),温度 [℃] (id : 6595)
Fe二元系状態図 (id : 1054),温度 [℃] (id : 6595)
Cu-10%P合金の初晶と共晶組織 (id : 1742),温度 [℃] (id : 6595)
無機化合物の状態図 (id : 1340),mass% (id : 8812)
硝酸濃度, 温度, グラスライニングの耐食率との関係 (id : 747),温度 [℃] (id : 6595)
鉄鋼の恒温変態（T.T.T.）図 (id : 905),硬さ [HRC] (id : 7253)
鉄鋼の恒温変態（T.T.T.）図 (id : 905),温度 [℃] (id : 6595)
各種オーステナイト耐熱鋼の10 5hクリープ破断強さの比較 (id : 396),応力 [MPa] (id : 7082)
Co-C系溶融合金の密度 (id : 112),密度 [Mg/m3] (id : 6513)
CaO [mass%] (id : 6566),CaO-CaF2系の活量およびCaO-SiO2系のSiO2とCaOの活量 (id : 332)
連続冷却変態（C.C.T.）図 (id : 947),温度 [℃] (id : 6595)
Mg二元系状態図 (id : 1261),温度 [℃] (id : 6595)
Pb [%] (id : 11092),Bi-Pb合金の粘性と状態図の関係 (id : 1988)
チタンの高温での引張性質 (id : 500),引張強さ, 耐力 [MPa] (id : 7378)
チタンの高温での引張性質 (id : 500),伸び [%] (id : 7080)
Al-H2O系 (id : 693),E [V] (id : 8217)
方位差 [度] (id : 10665),615℃におけるAlの新結晶粒の粒界の移動速度と方位差の関係 (id : 1848)
方位差 [度] (id : 10665),Zn中刃状転位粒界の350℃にいおける移動速度(9.19psiのせん断応力負荷) (id : 1847)
Al二元系状態図 (id : 1109),温度 [℃] (id : 6595)
CaO-Al2O3-SiO2系のSiO2の活量 [1873K] (id : 341),SiO2 [mass%] (id : 6567)
CaO-Al2O3-SiO2系のSiO2の活量 [1873K] (id : 341),CaO [mass%] (id : 6566)
Cu二元系状態図 (id : 1144),温度 [℃] (id : 6595)
Fe二元系状態図 (id : 1044),温度 [℃] (id : 6595)
鉄鋼の恒温変態（T.T.T.）図 (id : 888),硬さ [HRC] (id : 7253)
鉄鋼の恒温変態（T.T.T.）図 (id : 888),温度 [℃] (id : 6595)
Al2O3 [mass%] (id : 6565),CaO-SiO2-Al2O3系融体の密度 (1500℃) (id : 152)
Al2O3 [mass%] (id : 6565),CaO-Al2O3系のAl2O3とCaOの活量 (id : 336)
Al2O3 [mass%] (id : 6565),MnO-SiO2-Al2O3系融体の密度 (1570℃) (id : 153)
Al2O3 [mass%] (id : 6565),CaO-Al2O3-SiO2系のSiO2の活量 [1873K] (id : 341)
Al2O3 [mass%] (id : 6565),CaO-Al2O3-SiO2系のCaOおよびAl2O3の活量 [1873K] (id : 344)
Al2O3 [mass%] (id : 6565),CaO-SiO2-Al2O3系融体の粘度 (10-1Pa・s) (id : 156)
Ti二元系状態図 (id : 1235),温度 [℃] (id : 6595)
酸化物の標準生成自由エネルギー温度図 (id : 177),ΔGf° [cal/mol O2] (id : 6614)
Sn二元系状態図 (id : 1310),温度 [℃] (id : 6595)
1kmol・m-3NaCl を含む50℃の水溶液中におけるSUS304ステンレス鋼のCDC地図 (id : 730),電位 [V vs. NHE] (id : 8268)
円周に半円形環状切欠をもつ丸棒の引張, ねじりの形状係数 (id : 754),α (id : 7021)
共晶合金の一方向凝固組織 (id : 1743),温度 [℃] (id : 6595)
Ni二元系状態図 (id : 1193),温度 [℃] (id : 6595)
Al二元系状態図 (id : 1088),温度 [℃] (id : 6595)
Al合金系の液相線における密度（外挿値）と融体密度の温度係数 (id : 123),温度係数 dp/dT[kg/m3・K] (id : 6533)
Al合金系の液相線における密度（外挿値）と融体密度の温度係数 (id : 123),密度 [Mg/m3] (id : 6513)
Au [at%] (id : 10311),Cu-Au系状態図 (Hansen) (id : 1758)
各種フェライト耐熱鋼のクリープ強さ(1%/10 5h)の比較 (id : 395),応力 [MPa] (id : 7082)
Pb二元系状態図 (id : 1281),温度 [℃] (id : 6595)
Al二元系状態図 (id : 1125),温度 [℃] (id : 6595)
無機化合物の状態図 (id : 1335),温度 [℃] (id : 6595)
最高温度到達後の時間, s (id : 9903),被覆アーク溶接ボンド部の熱サイクル (id : 1662)
M2O [mol%] (id : 6560),M2O-SiO2系融体の密度 (1400℃) (id : 148)
無機化合物の状態図 (id : 1339),mass% (id : 8812)
無機化合物の状態図 (id : 1343),mass% (id : 8812)
鉄鋼の恒温変態（T.T.T.）図 (id : 922),温度 [℃] (id : 6595)
無機化合物の状態図 (id : 1349),温度 [℃] (id : 6595)
Sn二元系状態図 (id : 1313),温度 [℃] (id : 6595)
Al二元系状態図 (id : 1133),温度 [℃] (id : 6595)
高度強化に伴う溶接用CCT図の変化と溶接熱サイクルの関係 (id : 1666),温度 [℃] (id : 6595)
Ni-H2O系 (id : 697),E [V] (id : 8217)
鉄鋼の恒温変態（T.T.T.）図 (id : 924),温度 [℃] (id : 6595)
若干の高融点金属の高温での引張性質 (id : 525),引張強さ (W)[MPa] (id : 7421)
若干の高融点金属の高温での引張性質 (id : 525),伸び [%] (id : 7080)
若干の高融点金属の高温での引張性質 (id : 525),引張強さ (Mo, Nb, Ta, V)[MPa] (id : 7420)
V添加型および従来型21/4%Cr1%Mo鋼のγ系ステンラス鋼肉盛溶接部の剥離割れ試験結果 (id : 1563),温度 [℃] (id : 6595)
Cr [at%] (id : 11361),Fe-Cr合金の状態図 (id : 2079)
連続冷却変態（C.C.T.）図 (id : 945),温度 [℃] (id : 6595)
MnO-SiO2系のMnOとSiO2の活量 (id : 335),αi (id : 6639)
鉄鋼の恒温変態（T.T.T.）図 (id : 893),硬さ [HRC] (id : 7253)
鉄鋼の恒温変態（T.T.T.）図 (id : 893),温度 [℃] (id : 6595)
金属-硫黄2元系における金属（実線）, 硫化物（破線）の活量 (id : 361),α (id : 7021)
鉄鋼の恒温変態（T.T.T.）図 (id : 886),硬さ [HRC] (id : 7253)
鉄鋼の恒温変態（T.T.T.）図 (id : 886),温度 [℃] (id : 6595)
Fe二元系状態図 (id : 1069),温度 [℃] (id : 6595)
鉄鋼の恒温変態（T.T.T.）図 (id : 919),温度 [℃] (id : 6595)
無機化合物の状態図 (id : 1319),温度 [℃] (id : 6595)
Ni二元系状態図 (id : 1177),温度 [℃] (id : 6595)
連続冷却変態（C.C.T.）図 (id : 931),温度 [℃] (id : 6595)
Fe二元系状態図 (id : 1059),温度 [℃] (id : 6595)
Ni-Cr系状態図 (id : 1719),温度 [℃] (id : 6595)
鋼の状態図と溶接熱サイクル (id : 655),温度 [℃] (id : 6595)
Sn二元系状態図 (id : 1307),温度 [℃] (id : 6595)
Pb二元系状態図 (id : 1286),温度 [℃] (id : 6595)
Cu-Sn系溶融合金の密度 (id : 115),密度 [Mg/m3] (id : 6513)
Sn二元系状態図 (id : 1309),温度 [℃] (id : 6595)
MnO [mass%] (id : 6568),CaO-MnO-SiO2系のMnOの活量 [1773K] (id : 346)
鉄鋼の恒温変態（T.T.T.）図 (id : 921),温度 [℃] (id : 6595)
無機化合物の状態図 (id : 1347),mass% (id : 8812)
鉄鋼の恒温変態（T.T.T.）図 (id : 896),硬さ [HRC] (id : 7253)
鉄鋼の恒温変態（T.T.T.）図 (id : 896),温度 [℃] (id : 6595)
Ni二元系状態図 (id : 1202),温度 [℃] (id : 6595)
Mg二元系状態図 (id : 1246),温度 [℃] (id : 6595)
Fe二元系状態図 (id : 1076),温度 [℃] (id : 6595)
820℃からの冷却時間, s (id : 9244),調質高張力鋼の溶接用CCTおよび種々の入熱量の溶接ボンド部相当冷却曲線と硬さ (id : 1440)
Fe二元系状態図 (id : 1085),温度 [℃] (id : 6595)
無機化合物の状態図 (id : 1323),温度 [℃] (id : 6595)
Al二元系状態図 (id : 1106),温度 [℃] (id : 6595)
Al二元系状態図 (id : 1121),温度 [℃] (id : 6595)
Fe二元系状態図 (id : 1037),温度 [℃] (id : 6595)
Ti二元系状態図 (id : 1227),温度 [℃] (id : 6595)
水素分圧 kgf/mm2 (id : 9586),V添加型および従来型21/4%Cr1%Mo鋼のγ系ステンラス鋼肉盛溶接部の剥離割れ試験結果 (id : 1563)
N ZnS (id : 7029),Cu2S-ZnS, FeS-ZnS系の活量 (1200℃) (id : 365)
Hg-X系 (id : 188),α Hg, α X (id : 6627)
鉄鋼の恒温変態（T.T.T.）図 (id : 923),温度 [℃] (id : 6595)
Ni二元系状態図 (id : 1212),温度 [℃] (id : 6595)
Ti二元系状態図 (id : 1233),温度 [℃] (id : 6595)
Fe二元系状態図 (id : 1042),温度 [℃] (id : 6595)
Ni [wt%] (id : 10771),Fe-Ni合金における変態温度と濃度の関係 (id : 1875)
Ni [wt%] (id : 10771),Co-Ni合金における変態温度と濃度の関係 (id : 1876)
無機化合物の状態図 (id : 1357),温度 [℃] (id : 6595)
軽合金(Al, Mg, Ti合金)の低温における伸び (id : 527),伸び [%] (id : 7080)
無機化合物の状態図 (id : 1333),温度 [℃] (id : 6595)
Al二元系状態図 (id : 1100),温度 [℃] (id : 6595)
無機化合物の状態図 (id : 1320),温度 [℃] (id : 6595)
S [at%] (id : 7022),金属-硫黄2元系における金属（実線）, 硫化物（破線）の活量 (id : 361)
無機化合物の状態図 (id : 1368),温度 [℃] (id : 6595)
Al二元系状態図 (id : 1114),温度 [℃] (id : 6595)
Fe-Ni合金における変態温度と濃度の関係 (id : 1875),温度 [℃] (id : 6595)
鉄鋼の恒温変態（T.T.T.）図 (id : 901),硬さ [HRC] (id : 7253)
鉄鋼の恒温変態（T.T.T.）図 (id : 901),温度 [℃] (id : 6595)
切欠係数に対する結晶粒度の影響 (id : 762),疲れ限度 (N=10 8) [MPa] (id : 8354)
切欠係数に対する結晶粒度の影響 (id : 762),切欠係数 β (id : 8349)
Ni [mol%] (id : 6538),Fe-Ni系の粘度 (id : 129)
Fe-H2O系 (id : 696),E [V] (id : 8217)
鉄鋼の恒温変態（T.T.T.）図 (id : 897),硬さ [HRC] (id : 7253)
鉄鋼の恒温変態（T.T.T.）図 (id : 897),温度 [℃] (id : 6595)
無機化合物の状態図 (id : 1318),温度 [℃] (id : 6595)
T/Tc [°K/°K] (id : 10316),β黄銅型の長範囲規則度のBragg-Williams理論曲線と実験値の比較 (id : 1760)
T/Tc [°K/°K] (id : 10316),ΔCpのBragg-Williams理論値(a)とβ黄銅に対する比熱の実験値(b) (id : 1761)
無機化合物の状態図 (id : 1341),mass% (id : 8812)
タングステン, モリブデンの熱膨張特性 (id : 617),熱膨張 [%] (id : 7786)
Mg二元系状態図 (id : 1254),温度 [℃] (id : 6595)
X [mass%] (id : 6534),Sn合金系の液相線における密度（外挿値）と融体密度の温度係数 (id : 125)
X [mass%] (id : 6534),In合金系の液相線における密度（外挿値）と融体密度の温度係数 (id : 124)
X [mass%] (id : 6534),Al合金系の液相線における密度（外挿値）と融体密度の温度係数 (id : 123)
Cu二元系状態図 (id : 1141),温度 [℃] (id : 6595)
時間 (id : 8646),TMCPと各段階の粒組織を示す模式図 (id : 1390)
時間 (id : 8646),鉄鋼の恒温変態（T.T.T.）図 (id : 906)
時間 (id : 8646),共析鋼の等温変態図 (id : 1960)
時間 (id : 8646),鉄鋼の恒温変態（T.T.T.）図 (id : 927)
時間 (id : 8646),鉄鋼の恒温変態（T.T.T.）図 (id : 905)
時間 (id : 8646),鉄鋼の恒温変態（T.T.T.）図 (id : 912)
時間 (id : 8646),鉄鋼の恒温変態（T.T.T.）図 (id : 911)
時間 (id : 8646),鉄鋼の恒温変態（T.T.T.）図 (id : 909)
時間 (id : 8646),鉄鋼の恒温変態（T.T.T.）図 (id : 907)
時間 (id : 8646),鉄鋼の恒温変態（T.T.T.）図 (id : 910)
時間 (id : 8646),鉄鋼の恒温変態（T.T.T.）図 (id : 908)
時間 (id : 8646),鉄鋼の恒温変態（T.T.T.）図 (id : 904)
Ti二元系状態図 (id : 1217),温度 [℃] (id : 6595)
CaO-SiO2-Al2O3系融体の密度 (1500℃) (id : 152),SiO2 [mass%] (id : 6567)
CaO-SiO2-Al2O3系融体の密度 (1500℃) (id : 152),CaO [mass%] (id : 6566)
硫酸濃度, 温度, グラスライニングの耐食率との関係 (id : 746),温度 [℃] (id : 6595)
Ni-Cr-Mo鋼の熱処理CTT図,　TTT図とベイナイト処理曲線 (id : 1439),温度 [℃] (id : 6595)
青銅の機械的性質 (id : 2018),伸び [%] (id : 7080)
青銅の機械的性質 (id : 2018),引張強さ [kgf/mm2] (id : 7328)
Mg二元系状態図 (id : 1263),温度 [℃] (id : 6595)
Al二元系状態図 (id : 1127),温度 [℃] (id : 6595)
各種アルミニム合金の高温での耐力 (id : 487),耐力 [MPa] (id : 7353)
Cu-X系 (id : 186),α Cu, α X (id : 6625)
Cr [mass%] (id : 6542),Fe-CrおよびFe-Ni2元状態図 (id : 387)
Fe-C系状態図 (id : 1983),温度 [℃] (id : 6595)
Al二元系状態図 (id : 1105),温度 [℃] (id : 6595)
H2SO4 [%] (id : 8331),硫酸濃度, 温度, グラスライニングの耐食率との関係 (id : 746)
純鉄中のC, Nの溶解度 (id : 2062),温度 [℃] (id : 6595)
純鉄中のC, Nの溶解度 (id : 2062),1/T×10 3 (id : 11296)
連続冷却変態（C.C.T.）図 (id : 939),温度 [℃] (id : 6595)
800℃からの時間, s (最高加熱温度1350℃) (id : 9906),高度強化に伴う溶接用CCT図の変化と溶接熱サイクルの関係 (id : 1666)
Pb二元系状態図 (id : 1280),温度 [℃] (id : 6595)
無機化合物の状態図 (id : 1365),温度 [℃] (id : 6595)
Fe二元系状態図 (id : 1057),温度 [℃] (id : 6595)
Pb二元系状態図 (id : 1282),温度 [℃] (id : 6595)
温度 [℃] (id : 6595),けい砂フラン鋳型の熱伝導率 (id : 672)
温度 [℃] (id : 6595),各種オーステナイト耐熱鋼の10 5hクリープ破断強さの比較 (id : 396)
温度 [℃] (id : 6595),各種元素の温度‐蒸気圧曲線（その2）  (id : 739)
温度 [℃] (id : 6595),各種マグネシウム合金砂型鋳物の高温での耐力 (id : 494)
温度 [℃] (id : 6595),Rene95におけるHIP処理のみおよびHIP処理+鋳造の場合の機械的特性の比較 (id : 614)
温度 [℃] (id : 6595),切欠係数に対する結晶粒度の影響 (id : 762)
温度 [℃] (id : 6595),各種元素の温度‐蒸気圧曲線（その3） (id : 740)
温度 [℃] (id : 6595),各種フェライト耐熱鋼の10 5hクリープ破断強さの比較 (id : 394)
温度 [℃] (id : 6595),軽合金(Al, Mg, Ti合金)の低温における伸び (id : 527)
温度 [℃] (id : 6595),酸化物の標準生成自由エネルギー温度図 (id : 177)
温度 [℃] (id : 6595),Fe-C-Si合金の水素溶解度 (P H2=1atm) (id : 664)
温度 [℃] (id : 6595),炭化物の標準生成自由エネルギー温度図 (id : 180)
温度 [℃] (id : 6595),銅およびニッケル合金の低温における伸び (id : 528)
温度 [℃] (id : 6595),純Alの水素溶解度 (P H2=1atm) (id : 656)
温度 [℃] (id : 6595),各種フェライト耐熱鋼のクリープ強さ(1%/10 5h)の比較 (id : 395)
温度 [℃] (id : 6595),各種アルミニム合金の高温での耐力 (id : 487)
温度 [℃] (id : 6595),溶融Fe-C合金の水素溶解度 (P H2=1atm) (id : 659)
温度 [℃] (id : 6595),純鉄の窒素溶解度 (P N2=1atm) (id : 666)
温度 [℃] (id : 6595),各種鋳型砂の比熱 (id : 668)
温度 [℃] (id : 6595),各種ガスの溶解度の温度依存性 (b)溶解度 (1atm) (id : 174)
温度 [℃] (id : 6595),Agの自己拡散のる塑性変形による促進 (id : 1749)
温度 [℃] (id : 6595),タングステン, モリブデンの熱膨張特性 (id : 617)
温度 [℃] (id : 6595),Al-Zn-Mg合金における等時間時効による比熱変化 (id : 1869)
温度 [℃] (id : 6595),各種合金のクリープラプチャー強さ (id : 526)
温度 [℃] (id : 6595),若干の高融点金属の高温での引張性質 (id : 525)
温度 [℃] (id : 6595),Agの格子拡散と粒界および表面拡散 (id : 1748)
温度 [℃] (id : 6595),各種元素の温度‐蒸気圧曲線（その1） (id : 738)
温度 [℃] (id : 6595),純銅の水素溶解度 (P H2=1atm) (id : 657)
温度 [℃] (id : 6595),各種サーミスタおよび側温抵抗体の温度特性 (id : 590)
温度 [℃] (id : 6595),ΔCpのBragg-Williams理論値(a)とβ黄銅に対する比熱の実験値(b) (id : 1761)
温度 [℃] (id : 6595),各種ガスの溶解度の温度依存性 (a)気-液間の分配係数 (Kd=lim Pg/Ng) (id : 173)
温度 [℃] (id : 6595),窒化物の標準生成自由エネルギー温度図 (id : 179)
温度 [℃] (id : 6595),β黄銅型の長範囲規則度のBragg-Williams理論曲線と実験値の比較 (id : 1760)
温度 [℃] (id : 6595),塩化物の標準生成自由エネルギー温度図 (id : 181)
温度 [℃] (id : 6595),酸化物粒子分散強化合金MA6000と一方向凝固合金Mar-M200+Hf, 単結晶合金PWA454の1000hラプチャーの比強度の比較 (id : 615)
温度 [℃] (id : 6595),工業用ジルコニウム合金, (a)702, (b)704および(c)705の引張特性と温度との関係 (id : 508)
温度 [℃] (id : 6595),Ms点以下で冷却を中断したときのマルテンサイト変態量におよぼす影響 (id : 1881)
温度 [℃] (id : 6595),硫化物の標準生成自由エネルギー温度図 (id : 178)
温度 [℃] (id : 6595),水の物性値の温度依存性 (id : 172)
温度 [℃] (id : 6595),液体化･時効処理したZr-2.5％Nbにおける破壊靭性値におよぼす水素含有量(ppm)および温度の影響（Kd：動的破壊靭性値, Kc：静的破壊靭性値） (id : 510)
温度 [℃] (id : 6595),純鉄の水素溶解度 (P H2=1atm) (id : 658)
温度 [℃] (id : 6595),各種鋳型砂を使用した乾燥型の熱伝導率 (id : 671)
温度 [℃] (id : 6595),33%引張加工した市販銅の過熱による性質の変化 (Clarebroughら) (id : 1769)
温度 [℃] (id : 6595),CuZnのヤング率の温度変化 (id : 1759)
温度 [℃] (id : 6595),各種オーステナイト耐熱鋼のクリープ強さ(1%/10 5h)の比較 (id : 397)
温度 [℃] (id : 6595),温度と空孔濃度の関係 (G F=1eV) (id : 1751)
温度 [℃] (id : 6595),チタンの高温での引張性質 (id : 500)
温度 [℃] (id : 6595),各種熱電対の規準熱起電力 (id : 589)
Cu二元系状態図 (id : 1154),温度 [℃] (id : 6595)
Fe二元系状態図 (id : 1058),温度 [℃] (id : 6595)
Sn二元系状態図 (id : 1298),温度 [℃] (id : 6595)
Ni二元系状態図 (id : 1200),温度 [℃] (id : 6595)
Fe二元系状態図 (id : 1041),温度 [℃] (id : 6595)
Ni二元系状態図 (id : 1194),温度 [℃] (id : 6595)
鉄鋼の恒温変態（T.T.T.）図 (id : 909),温度 [℃] (id : 6595)
Cu二元系状態図 (id : 1176),温度 [℃] (id : 6595)
MnO-SiO2-Al2O3系融体の密度 (1570℃) (id : 153),SiO2 [mass%] (id : 6567)
MnO-SiO2-Al2O3系融体の密度 (1570℃) (id : 153),MnO [mass%] (id : 6568)
Ti-Mn系合金の状態図 (id : 2066),温度 [℃] (id : 6595)
Ni二元系状態図 (id : 1183),温度 [℃] (id : 6595)
Sn合金系の液相線における密度（外挿値）と融体密度の温度係数 (id : 125),温度係数 dp/dT[kg/m3・K] (id : 6533)
Sn合金系の液相線における密度（外挿値）と融体密度の温度係数 (id : 125),密度 [Mg/m3] (id : 6513)
Al二元系状態図 (id : 1089),温度 [℃] (id : 6595)
MnO-FeO-SiO2系融体の表面張力 [mN/m] (1400℃) (id : 166),SiO2 [mass%] (id : 6567)
MnO-FeO-SiO2系融体の表面張力 [mN/m] (1400℃) (id : 166),MnO [mass%] (id : 6568)
SiO2 [mol%] (id : 6561),FeO-SiO2系融体の密度 (id : 150)
鉄鋼の恒温変態（T.T.T.）図 (id : 906),温度 [℃] (id : 6595)
無機化合物の状態図 (id : 1353),温度 [℃] (id : 6595)
Cu二元系状態図 (id : 1155),温度 [℃] (id : 6595)
Ms点以下で冷却を中断したときのマルテンサイト変態量におよぼす影響 (id : 1881),マルテンサイト量 [%] (id : 10795)
Al二元系状態図 (id : 1097),温度 [℃] (id : 6595)
Sn二元系状態図 (id : 1311),温度 [℃] (id : 6595)
Pb-X系 (id : 193),α Pb, α X (id : 6632)
Al-Cu系Al側状態図 (id : 2058),温度 [℃] (id : 6595)
Al-Si系の700℃での粘度 (id : 126),粘度 [mPa・s] (id : 6535)
Al二元系状態図 (id : 1134),温度 [℃] (id : 6595)
In-Sn溶融2元合金の表面張力 (id : 147),表面張力 [mN/m] (id : 6541)
Cu-H2O系 (id : 699),E [V] (id : 8217)
r/t (id : 8337),フィレットをもつ板の引張による応力分布と形状係数 (id : 750)
An-X系 (id : 184),α Au, α X (id : 6623)
Al-Cu系溶融合金の密度 (id : 109),密度 [Mg/m3] (id : 6513)
Ti二元系状態図 (id : 1231),温度 [℃] (id : 6595)
Al二元系状態図 (id : 1130),温度 [℃] (id : 6595)
Fe二元系状態図 (id : 1046),温度 [℃] (id : 6595)
SiO2 [mass%] (id : 6567),FeO-SiO2系のSiO2とFeOの活量 (id : 333)
SiO2 [mass%] (id : 6567),アルカリ酸化物-SiO2系のSiO2の活量 [1673K] (id : 339)
SiO2 [mass%] (id : 6567),MnO-SiO2系のMnOとSiO2の活量 (id : 335)
SiO2 [mass%] (id : 6567),PbO-SiO2系のSiO2とPbOの活量およびZnO-SiO2系のSiO2とZnOの活量 (id : 334)
SiO2 [mass%] (id : 6567),CaO-CaF2系の活量およびCaO-SiO2系のSiO2とCaOの活量 (id : 332)
Sn二元系状態図 (id : 1303),温度 [℃] (id : 6595)
Fe二元系状態図 (id : 1086),温度 [℃] (id : 6595)
亜共析鋼の等温変態図 (id : 1962),温度 [℃] (id : 6595)
Cu二元系状態図 (id : 1139),温度 [℃] (id : 6595)
Cu二元系状態図 (id : 1162),温度 [℃] (id : 6595)
Fe二元系状態図 (id : 1074),温度 [℃] (id : 6595)
