CaO-CaF2-FetO系のFetOの活性 [1673K] (id: 353),α FetO (id: 7005)
CaO-SiO2-FeO (1400℃), CaO-SiO2-Al2O3 (1600℃)の等表面張力線 [mN/m] (id: 167),CaO [mol%] (id: 6563)
CaO-SiO2-FeO (1400℃), CaO-SiO2-Al2O3 (1600℃)の等表面張力線 [mN/m] (id: 167),SiO2 [mol%] (id: 6561)
Fe-Pd (id: 1066),温度 [℃] (id: 6595)
Fe-Zr系材料のEXAFSより求めたFe原子まわりの原子の分布 (id: 381),｜Φ（*r*）｜ (id: 7089)
Fe-Zr系材料のEXAFSより求めたFe原子まわりの原子の分布 (id: 381),｜Φ（γ）｜ (id: 7089)
Fe-C系のパーライト変態のメカニズムと,エネルギー消費の内訳 (id: 2510),変態温度, *T/K (id: 12714)
Fe-C系のパーライト変態のメカニズムと,エネルギー消費の内訳 (id: 2510),変態温度,*T/K (id: 12714)
CaO-FeOn-P2O5 (id: 1341),mass% (id: 8812)
Fe-Ni合金の耐酸性 (id: 2086),溶解減量 [mg/cm2/hr] (id: 11425)
Fe二元系状態図 (id: 1044),温度 [℃] (id: 6595)
285℃におけるFe-Cr 合金のアノード分極曲線 (id: 728),i [A・m-2] (id: 8238)
Fe-U (id: 1083),温度 [℃] (id: 6595)
Fe-24.9mass％Ni-3.9mass％Mn合金（等温）における母相とマルテンサイト相のギブス自由エネルギー差と温度の関係 (id: 201),自由エネルギー差 (id: 6651)
Fe-24.9mass％Ni-3.9mass％Mn合金（等温）における母相とマルテンサイト相のギブス自由エネルギー差と温度の関係 (id: 201),Δ*G*/J・mol^-1^ (id: 6651)
Fe-24.9mass％Ni-3.9mass％Mn合金（等温）における母相とマルテンサイト相のギブス自由エネルギー差と温度の関係 (id: 201),ΔG/J・mol-1 (id: 6651)
Fe-C系状態図（破線はFe/黒鉛平衡、実線はFe/Fe~3~C平衡） (id: 411),T/℃ (id: 6823)
Fe-C系状態図（破線はFe/黒鉛平衡、実線はFe/Fe~3~C平衡） (id: 411),T/K (id: 6255)
Fe-C系状態図（破線はFe/黒鉛平衡、実線はFe/Fe~3~C平衡） (id: 411),温度 (id: 6823)
Fe-C系状態図（破線はFe/黒鉛平衡、実線はFe/Fe~3~C平衡） (id: 411),*T*/℃ (id: 6823)
Fe-C系状態図（破線はFe/黒鉛平衡、実線はFe/Fe~3~C平衡） (id: 411),*T*/K (id: 6255)
Fe-C系状態図（破線はFe/黒鉛平衡、実線はFe/Fe~3~C平衡） (id: 411),温度 (id: 6255)
Fe [at%] (id: 6547),Co-Fe溶融2元合金の表面張力 (id: 140)
Fe-H2O系の電位-pH図と腐食図 (id: 1000),E/V（SHE） (id: 8684)
Fe-H2O系の電位-pH図と腐食図 (id: 1000),電位 (id: 8684)
Fe-H2O系の電位-pH図と腐食図 (id: 1000),*E*/V（SHE） (id: 8684)
Cu-Fe-S系におけるマット-金属間の平衡とFeの等活量線 (1250℃) (id: 367),N Cu (id: 7032)
Cu-Fe-S系におけるマット-金属間の平衡とFeの等活量線 (1250℃) (id: 367),N S (id: 7034)
Fe二元系状態図 (id: 1069),温度 [℃] (id: 6595)
Cu [at%] (id: 6543),Fe-Cu溶融2元合金の表面張力 (id: 133)
χ (id: 13551),Fe-4.4原子%Si単結晶のψ(χ)曲線(a),とτ₀(χ)曲線(b)(竹内らによる) (id: 2922)
Fe-Sn,Fe-Si合金におけるSn,Siの粒界偏析度の粒界傾角依存性 (id: 2790),オージェピーク比(Sn/Fe,Si/Fe) (id: 13351)
CaF2 [mol%] (id: 7002),CaO-FeO-CaF2 (id: 1346)
CaF2 [mol%] (id: 7002),CaO-CaF2-FetO系のFetOの活性 [1673K] (id: 353)
CaF2 [mol%] (id: 7002),CaO-CaF2-FetO系のCaOの活性 [1673K] (id: 352)
種々の熱処理をしたFeの温度依存性 (id: 534),κ~y~/MPa・m^1/2^ (id: 7456)
種々の熱処理をしたFeの温度依存性 (id: 534),ky/MPa・m1/2 (id: 7456)
焼もどし時間 [hr] (id: 10737),Fe-Mo-Cマルテンサイトの550℃時効における硬さ変化 (id: 1864)
γFe-Cオーステナイト中のC原子の活量a~C~（黒鉛基準） (id: 2310),C原子の活量，a~C~（黒鉛基準） (id: 12166)
SiO2 [mol%] (id: 6561),FeO-SiO2系融体の密度 (id: 150)
SiO2 [mol%] (id: 6561),FeO-SiO2系融体の粘度 (id: 155)
Effects of hot rolling conditions and annealing time on Fe~3~C precipitation behavior (id: 2071),Cementite [vol.%] (id: 11324)
Fe-4.4原子%Si単結晶のψ(χ)曲線(a),とτ₀(χ)曲線(b)(竹内らによる) (id: 2922),臨界分解せん断応力,τ₀/Mpa (id: 12621)
Fe-4.4原子%Si単結晶のψ(χ)曲線(a),とτ₀(χ)曲線(b)(竹内らによる) (id: 2922),臨界分解せん断応力,τ₀/MPa (id: 12621)
Fe-4.4原子%Si単結晶のψ(χ)曲線(a),とτ₀(χ)曲線(b)(竹内らによる) (id: 2922),ψ (id: 13552)
Year (id: 11116),Inputs of stainless steel in Japan (Ferritic) (id: 2006)
Year (id: 11116),In-use stock of stainless steel in Japan (Ferritic) (id: 2009)
Year (id: 11116),Obsolete scrap generation of stainless steel in Japan (Ferritic) (id: 2014)
In-use stock of stainless steel in Japan (Ferritic) (id: 2009),In-use Stainless Steel Stock (kt) (id: 11121)
In-use stock of stainless steel in Japan (Ferritic) (id: 2009),In-use Stainless Ferritic Steel Stock (kt) (id: 11123)
Fe-C系のパーライトと通常の共晶・共析のλとυの対比 (id: 2478),成長速度，υ (id: 12600)
Fe-C系のパーライトと通常の共晶・共析のλとυの対比 (id: 2478),成長速度, υ (id: 12600)
Fe-C系のパーライトと通常の共晶・共析のλとυの対比 (id: 2478),成長速度,υ (id: 12600)
Fe-X系 (id: 187),α Fe, α X (id: 6626)
Co含有量/原子% (id: 12001),(Fe, Co, Ni)Si8B14アモルファス合金の磁気特性の組成依存性 (id: 2243)
運動エネルギー (id: 7175),Fe-Cr-Ni合金破面からのオージェ・スペクトル (id: 402)
Fe二元系状態図 (id: 1078),温度 [℃] (id: 6595)
Fe二元系状態図 (id: 1079),温度 [℃] (id: 6595)
Fe~83~B~17~アルモファス合金の熱膨張曲線およびヤング率の温度依存性 (id: 993),Δl/l (id: 8661)
Fe~83~B~17~アルモファス合金の熱膨張曲線およびヤング率の温度依存性 (id: 993),ヤング率 (id: 6863)
Fe~83~B~17~アルモファス合金の熱膨張曲線およびヤング率の温度依存性 (id: 993),E/GPa (id: 6863)
Fe~83~B~17~アルモファス合金の熱膨張曲線およびヤング率の温度依存性 (id: 993),*E*/GPa (id: 6863)
Fe~83~B~17~アルモファス合金の熱膨張曲線およびヤング率の温度依存性 (id: 993),Δ*l*/*l* (id: 8661)
Fe~83~B~17~アルモファス合金の熱膨張曲線およびヤング率の温度依存性 (id: 993),熱膨張率 (id: 8661)
粒界偏析量/単原子層 (id: 13330),組成の異なるFe-Sn合金における粒界偏析量の温度依存性 (id: 2777)
Cr (id: 12180),Fe-M-C（またはN）系のI-S結合エネルギーΔε~I-M~の推定値 (id: 2319)
CaO-FeO (id: 1323),温度 [℃] (id: 6595)
FeTi,_LaNi5およびMg2Ni系合金の水素貯蔵用金属材料としての諸特性の比較 (id: 2411),コスト(資源･製造) (id: 12445)
FeTi,_LaNi5およびMg2Ni系合金の水素貯蔵用金属材料としての諸特性の比較 (id: 2411),反応速度(初期) (id: 12443)
FeTi,_LaNi5およびMg2Ni系合金の水素貯蔵用金属材料としての諸特性の比較 (id: 2411),安全性(毒性) (id: 12446)
FeTi,_LaNi5およびMg2Ni系合金の水素貯蔵用金属材料としての諸特性の比較 (id: 2411),分解圧_分解温度 (id: 12440)
FeTi,_LaNi5およびMg2Ni系合金の水素貯蔵用金属材料としての諸特性の比較 (id: 2411),貯蔵能力 (id: 12442)
FeTi,_LaNi5およびMg2Ni系合金の水素貯蔵用金属材料としての諸特性の比較 (id: 2411),質量(可搬性) (id: 12444)
Fe-Cu (id: 1053),温度 [℃] (id: 6595)
bccFeの磁気変態に伴う熱容量，エンタルピー，自由エネルギーの変化 (id: 2293),エネルギー，*H&G*/kJ・mol^-1^ (id: 12140)
bccFeの磁気変態に伴う熱容量，エンタルピー，自由エネルギーの変化 (id: 2293),熱容量，*C*/J・mol^-1^K^-1^ (id: 12141)
温度，*T/K (id: 12105),bccFeの磁気変態に伴う熱容量，エンタルピー，自由エネルギーの変化 (id: 2293)
温度，*T/K (id: 12105),γFe-侵入型(I)-置換型(S)の固溶体におけるI-S結合 (id: 2315)
Fe-X系の粒界偏析係数（固溶限が小さい元素ほど粒界偏析係数が大きい） (id: 2351),偏析係数，κ^gb^~X~ (id: 12259)
r-1/nm-1 (id: 6756),Fe-3.5mol％Cu合金におけるCu粒子半径rと分散強化量Δσの関係 (id: 233)
r-1/nm-1 (id: 6756),Fe-3.5mol％Cu合金におけるCu粒子半径*r*と分散強化量Δσの関係 (id: 233)
溶解濃度 [at%] (id: 6384),置換形固溶体の格子定数　(c)α-Fe合金の格子定数 (id: 72)
Ek/10-18J (id: 7175),Fe-Cr-Ni合金破面からのオージェ・スペクトル (id: 402)
Q/nm-1 (id: 6303),アモルファスFeと液体Feの構造因子S（Q） (id: 50)
Q/nm-1 (id: 6303),アモルファスFeと液体Feの構造因子*S*（*Q*） (id: 50)
Snの粒界偏析量/μmol・m⁻² (id: 13331),組成の異なるFe-Sn合金における粒界偏析量の温度依存性 (id: 2777)
FeO-SiO2系のSiO2とFeOの活量 (id: 333),αi (id: 6639)
磁場 H [Oe] (id: 11404),Fe単結晶の磁化曲線 (id: 2083)
at% (id: 7379),Fe-Ta (id: 1080)
at% (id: 7379),Fe二元系状態図 (id: 1077)
at% (id: 7379),Fe二元系状態図 (id: 1053)
at% (id: 7379),Fe-Pd (id: 1066)
at% (id: 7379),Fe-Si (id: 1078)
at% (id: 7379),Fe-Mo (b) (id: 1058)
at% (id: 7379),Fe二元系状態図 (id: 1066)
at% (id: 7379),Fe二元系状態図 (id: 1064)
at% (id: 7379),Fe二元系状態図 (id: 1063)
at% (id: 7379),Fe二元系状態図 (id: 1044)
at% (id: 7379),Fe二元系状態図 (id: 1082)
at% (id: 7379),Fe-Pt (id: 1068)
at% (id: 7379),Fe二元系状態図 (id: 1080)
at% (id: 7379),Fe-U (id: 1083)
at% (id: 7379),Fe二元系状態図 (id: 1039)
at% (id: 7379),Fe二元系状態図 (id: 1078)
at% (id: 7379),Fe二元系状態図 (id: 1059)
at% (id: 7379),Fe二元系状態図 (id: 1060)
at% (id: 7379),Fe二元系状態図 (id: 1071)
at% (id: 7379),Fe二元系状態図 (id: 1069)
at% (id: 7379),Fe-Nb (id: 1060)
at% (id: 7379),Fe二元系状態図 (id: 1048)
at% (id: 7379),Fe-Se (id: 1077)
at% (id: 7379),Fe-W (id: 1085)
at% (id: 7379),Fe-Ge (id: 1054)
at% (id: 7379),Fe二元系状態図 (id: 1056)
at% (id: 7379),Fe-S (id: 1350)
at% (id: 7379),Fe-V (id: 1084)
at% (id: 7379),Fe二元系状態図 (id: 1073)
at% (id: 7379),Fe-Sb (id: 1076)
at% (id: 7379),Fe二元系状態図 (id: 1052)
at% (id: 7379),Fe-Al (id: 1037)
at% (id: 7379),Fe二元系状態図 (id: 1079)
at% (id: 7379),Fe-Nd (id: 1062)
at% (id: 7379),Fe-Ce (id: 1048)
at% (id: 7379),Fe二元系状態図 (id: 1046)
at% (id: 7379),Fe-Co (id: 1046)
at% (id: 7379),Fe二元系状態図 (id: 1058)
at% (id: 7379),Fe-Cr (id: 1049)
at% (id: 7379),Fe-Be (id: 1044)
at% (id: 7379),Fe-Au (id: 1041)
at% (id: 7379),Fe-Mn (id: 1056)
at% (id: 7379),Fe-Zn (id: 1086)
at% (id: 7379),Fe二元系状態図 (id: 1065)
at% (id: 7379),Fe二元系状態図 (id: 1042)
at% (id: 7379),Fe-Cr (b) (id: 1050)
at% (id: 7379),Fe二元系状態図 (id: 1084)
at% (id: 7379),Fe-Pu (id: 1069)
at% (id: 7379),Fe二元系状態図 (id: 1057)
at% (id: 7379),Fe二元系状態図 (id: 1074)
at% (id: 7379),Fe-Ga (id: 1052)
at% (id: 7379),Fe-Ru (id: 1073)
at% (id: 7379),Fe二元系状態図 (id: 1083)
at% (id: 7379),Fe二元系状態図 (id: 1054)
at% (id: 7379),Fe-Zr (id: 1087)
at% (id: 7379),Fe-Mo (a) (id: 1057)
at% (id: 7379),Fe-As (id: 1039)
at% (id: 7379),Fe-S (id: 1074)
at% (id: 7379),Fe二元系状態図 (id: 1068)
at% (id: 7379),Fe-Ti (id: 1082)
at% (id: 7379),Fe-O (id: 1064)
at% (id: 7379),Fe-Cu (id: 1053)
at% (id: 7379),Fe-Ni (id: 1063)
at% (id: 7379),Fe-B (id: 1042)
at% (id: 7379),Fe-Cr (a) (id: 1049)
at% (id: 7379),Fe二元系状態図 (id: 1062)
at% (id: 7379),Fe二元系状態図 (id: 1050)
at% (id: 7379),Fe二元系状態図 (id: 1037)
at% (id: 7379),Fe二元系状態図 (id: 1041)
at% (id: 7379),Fe-N (id: 1059)
at% (id: 7379),Fe-Sn (id: 1079)
at% (id: 7379),Fe二元系状態図 (id: 1085)
at% (id: 7379),Fe-P (id: 1065)
at% (id: 7379),Fe-Rh (id: 1071)
at% (id: 7379),Fe二元系状態図 (id: 1076)
at% (id: 7379),Fe二元系状態図 (id: 1049)
at% (id: 7379),Fe二元系状態図 (id: 1086)
Fe多結晶の変形初期に現われるバンド領域の幅(W)と計算で求めた影響領域の直径(Λ)との関係 (id: 2394),結晶粒度(μm) (id: 12378)
Fe多結晶の変形初期に現われるバンド領域の幅(W)と計算で求めた影響領域の直径(Λ)との関係 (id: 2394),W(μm) (id: 12373)
Fe多結晶の変形初期に現われるバンド領域の幅(W)と計算で求めた影響領域の直径(Λ)との関係 (id: 2394),Λ=2R(μm) (id: 12379)
γFe-侵入型(I)-置換型(S)の固溶体におけるI-S結合 (id: 2315),*f*^S^~I~ (id: 12171)
*T*/K (id: 6658),3％Si-Fe合金（50％冷間加工）の加熱温度（各1h）と結晶粒径の関係 (id: 206)
Mn [wt%] (id: 10773),Fe-Mn合金における変態温度と濃度の関係 (id: 1878)
EF/eV (id: 6296),Au（001）面上にFeを成長させたときの逆光電子分光スペクトル (id: 47)
Fe-Be (id: 1044),温度 [℃] (id: 6595)
Nb中のNとO,Fe中のCの拡散係数と,Nb中のHの拡散係数の比較(J.Völkl and G.Alefeld:文献(1),p.321による) (id: 2960),拡散係数,D/m²・s⁻¹ (id: 13304)
FeO [mass%] (id: 6577),MnO-FeO-SiO2系融体の表面張力 [mN/m] (1400℃) (id: 166)
FeO [mass%] (id: 6577),Cao-FeO系のFeOとCaOの活量 [1873K] (id: 337)
FeO [mass%] (id: 6577),CaO-FeO-SiO2系融体の表面張力 [mN/m] (1400℃) (id: 165)
温度/K (id: 5792),Fe-30mass％Ni合金とAu-47.5mol％Cd合金の電気抵抗-温度曲線 (id: 198)
Fe-Ni合金のアノード分極曲線 (id: 710),i [A・m-2] (id: 8238)
C原子のモル分率，x~C~ (id: 12164),γFe-Cオーステナイト中のC原子の活量a~C~（黒鉛基準） (id: 2310)
C原子のモル分率，x~C~ (id: 12164),γFe-C系侵入型固溶体（オーステナイト）の自由エネルギー (id: 2309)
Fe-C 3元系溶融合金の密度 (1600℃) (id: 121),密度 [Mg/m3] (id: 6513)
Fe-Mo-Cマルテンサイトの550℃時効における硬さ変化 (id: 1864),硬さ, Hv (id: 9225)
E~F~/10^-19^J (id: 6293),Au（001）面上にFeを成長させたときの逆光電子分光スペクトル (id: 47)
加熱温度[℃] (id: 10675),3%Si-Fe合金(50%冷間加工)の加熱温度(各1hr)と結晶粒径の関係 (id: 1851)
応力（σ）によるヒステリシスループの変化（Fe-68％ Ni） (id: 1406),*I* (id: 9095)
Fe含有量 (id: 12472),Ce-Fe系状態図 (id: 2422)
Fe3C/M23C6炭化物回折線強度比[％] (id: 6986),Fe~3~C/M~23~C~6~炭化物回折線強度比による水素浸食損傷の評価 (id: 331)
Fe3C/M23C6炭化物回折線強度比[％] (id: 6986),Fe3C/M23C6炭化物回折線強度比による水素浸食損傷の評価 (id: 331)
距離/μm (id: 7126),2相ステンレス鋼（Fe-22 Cr-10 Ni）表面に形成した不動態皮膜および過不動皮膜の結晶粒毎の膜厚分布 (id: 1023)
pH (id: 8216),Fe-H2O系 (id: 696)
表面張力 [mN/m] (id: 6541),Fe-Cr溶融2元合金の表面張力 (id: 132)
分解圧_分解温度 (id: 12440),FeTi,_LaNi5およびMg2Ni系合金の水素貯蔵用金属材料としての諸特性の比較 (id: 2411)
Fe-Se (id: 1077),温度 [℃] (id: 6595)
Fe-C系状態図（破線はFe/黒鉛平衡、実線はFe/Fe3C平衡） (id: 411),T/℃ (id: 6823)
Fe-C系状態図（破線はFe/黒鉛平衡、実線はFe/Fe3C平衡） (id: 411),T/K (id: 6255)
Fe-C系状態図（破線はFe/黒鉛平衡、実線はFe/Fe3C平衡） (id: 411),温度 (id: 6823)
Fe-C系状態図（破線はFe/黒鉛平衡、実線はFe/Fe3C平衡） (id: 411),*T*/℃ (id: 6823)
Fe-C系状態図（破線はFe/黒鉛平衡、実線はFe/Fe3C平衡） (id: 411),*T*/K (id: 6255)
Fe-C系状態図（破線はFe/黒鉛平衡、実線はFe/Fe3C平衡） (id: 411),温度 (id: 6255)
コスト(資源･製造) (id: 12445),FeTi,_LaNi5およびMg2Ni系合金の水素貯蔵用金属材料としての諸特性の比較 (id: 2411)
N Fe (id: 7030),Cu-Fe-S系におけるマット-金属間の平衡とCuの等活量線 (1250℃) (id: 368)
N Fe (id: 7030),Cu-Fe-S系におけるマット-金属間の平衡とFeの等活量線 (1250℃) (id: 367)
Fe-C系のパーライト変態のメカニズムと, エネルギー消費の内訳 (id: 2510),変態温度, *T/K (id: 12714)
Fe-C系のパーライト変態のメカニズムと, エネルギー消費の内訳 (id: 2510),変態温度,*T/K (id: 12714)
Fe-Cr合金の状態図 (id: 2079),温度 [℃] (id: 6595)
溶質濃度 [%] (id: 11194),Fe合金の凝固温度区間 (id: 2028)
MnO-FeO-SiO2系融体の表面張力 [mN/m] (1400℃) (id: 166),MnO [mass%] (id: 6568)
MnO-FeO-SiO2系融体の表面張力 [mN/m] (1400℃) (id: 166),SiO2 [mass%] (id: 6567)
安全性(毒性) (id: 12446),FeTi,_LaNi5およびMg2Ni系合金の水素貯蔵用金属材料としての諸特性の比較 (id: 2411)
Time course changes of Fe^2+^ of actual wastewater and effluent (id: 1915),Fe^2+^ (mg/L) (id: 10907)
Fe-Cr (b) (id: 1050),温度 [℃] (id: 6595)
Fe-Cr溶融2元合金の表面張力 (id: 132),Cr [mass%] (id: 6542)
Fe二元系状態図 (id: 1085),温度 [℃] (id: 6595)
Temperature (K) (id: 11200),Mass balance of Fe in experiments (id: 2030)
Temperature (K) (id: 11200),Relationship between temperature, slag basicity and FeO content in gaseous dephosphorization (id: 2037)
アモルファスFeと液体Feの構造因子S（Q） (id: 50),構造因子 (id: 6302)
アモルファスFeと液体Feの構造因子S（Q） (id: 50),*S*（*Q*） (id: 6302)
アモルファスFeと液体Feの構造因子S（Q） (id: 50),S（Q） (id: 6302)
Fe-H2O系電位-pH図 (id: 8),*E*/V (id: 5794)
Fe-H2O系電位-pH図 (id: 8),E/V (id: 5794)
N FeS (id: 7023),Cu2S-FeS　系の活量 (id: 363)
*T*^-1^/10^-4^K^-1^ (id: 12344),Fe-C系の拡散係数 (id: 2480)
変態温度 (id: 6521),Fe-C合金におけるパーライト・ラメラ間隔λと変態温度の関係 (id: 104)
Al-X系とFe-X系の液相におけるΩの推定値 (id: 2308),相互作用パラーメータ，Ω^L^~AB~/kJ・mol^-1^ (id: 12163)
Fe二元系状態図 (id: 1062),温度 [℃] (id: 6595)
エネルギー消費内訳 (id: 12608),Fe-C系のパーライト変態のメカニズムと,エネルギー消費の内訳 (id: 2510)
エネルギー消費内訳 (id: 12608),Fe-C系のパーライト変態のメカニズムと, エネルギー消費の内訳 (id: 2510)
高温高圧水中におけるFe-20 Cr 合金のアノード分極曲線の温度による変化 (id: 726),i [A・m-2] (id: 8238)
結晶粒度(μm) (id: 12378),Fe多結晶の変形初期に現われるバンド領域の幅(W)と計算で求めた影響領域の直径(Λ)との関係 (id: 2394)
Fe-X系の相互固溶度と原子半径差との関連 (id: 2321),原子半径，r/10^-10^m (id: 12197)
(Fe, Co, Ni)Si8B14アモルファス合金の磁気特性の組成依存性 (id: 2243),Ni含有量/原子% (id: 11994)
(Fe, Co, Ni)Si8B14アモルファス合金の磁気特性の組成依存性 (id: 2243),Fe含有量/原子% (id: 12002)
元素添加率 [at%] (id: 6546),Fe系溶融合金の表面張力 (id: 136)
*Q*/nm^-1^ (id: 6303),アモルファスFeと液体Feの構造因子S（Q） (id: 50)
*Q*/nm^-1^ (id: 6303),アモルファスFeと液体Feの構造因子*S*（*Q*） (id: 50)
塩酸中におけるFe-Cr合金のアノード分極曲線 (id: 711),i [A・m-2] (id: 8238)
Fe-Ni系の粘度 (id: 129),粘度 [mPa・s] (id: 6535)
溶融2元FeO系の表面張力 (1400℃) (id: 164),表面張力 [mN/m] (id: 6541)
Fe-Mn-Co合金における等時間時効による電気抵抗の変化 (id: 1870),電気抵抗変化 [%] (id: 10762)
Cr [mass%] (id: 6542),Fe-CrおよびFe-Ni2元状態図 (id: 387)
Fe二元系状態図 (id: 1086),温度 [℃] (id: 6595)
侵入形固溶体の格子定数　(a)γ-Fe-C侵入形固溶体 (id: 73),格子定数 [nm] (id: 6385)
Fe~3~C/M~23~C~6~炭化物回折線強度比による水素浸食損傷の評価 (id: 331),Pιパラメータ (id: 6985)
Fe~3~C/M~23~C~6~炭化物回折線強度比による水素浸食損傷の評価 (id: 331),*Pv*パラメータ (id: 6985)
CaO-Al2O3-Fe2O3 (id: 1338),mass% (id: 8812)
Fe二元系状態図 (id: 1053),温度 [℃] (id: 6595)
Fe-Si (id: 1078),温度 [℃] (id: 6595)
Fe-Mo (b) (id: 1058),温度 [℃] (id: 6595)
旋盤によるFe-Ni-Cu-Mo-C材の被削性試験結果 (id: 1061),バイト刃先の摩耗量/μm (id: 8826)
Fe二元系状態図 (id: 1066),温度 [℃] (id: 6595)
Fe-24.9mass％ Ni-3.9mass％ Mn合金（等温）における母相とマルテンサイト相のギブス自由エネルギー差と温度の関係 (id: 201),自由エネルギー差 (id: 6651)
Fe-24.9mass％ Ni-3.9mass％ Mn合金（等温）における母相とマルテンサイト相のギブス自由エネルギー差と温度の関係 (id: 201),Δ*G*/J・mol^-1^ (id: 6651)
Fe-24.9mass％ Ni-3.9mass％ Mn合金（等温）における母相とマルテンサイト相のギブス自由エネルギー差と温度の関係 (id: 201),ΔG/J・mol-1 (id: 6651)
Al含有量/原子% (id: 11904),Ni-Fe-Al 3元系における1023Kの切断図 (id: 2240)
EF/10-19J (id: 6293),Au（001）面上にFeを成長させたときの逆光電子分光スペクトル (id: 47)
r/nm (id: 7088),Fe-Zr系材料のEXAFSより求めたFe原子まわりの原子の分布 (id: 381)
Fe-3％ Cr-0.5％C 合金の恒温変態線図 (id: 106),*T*/K (id: 6255)
Fe-3％ Cr-0.5％C 合金の恒温変態線図 (id: 106),温度 (id: 6255)
Fe-3％ Cr-0.5％C 合金の恒温変態線図 (id: 106),T/K (id: 6255)
Fe-Pt (id: 1068),温度 [℃] (id: 6595)
Tap [C] (mass%) (id: 9726),実機転炉出鋼[C]とスラグ（T.Fe）の関係 (id: 1605)
Tap [C] (mass%) (id: 9726),Relationship between (T.Fe) component of slag and [C] (id: 1605)
Fe-M-C（またはN）系のI-S結合エネルギーΔε~I-M~の推定値 (id: 2319),V (id: 12179)
Fe-M-C（またはN）系のI-S結合エネルギーΔε~I-M~の推定値 (id: 2319),N (id: 12188)
Fe-M-C（またはN）系のI-S結合エネルギーΔε~I-M~の推定値 (id: 2319),Cu (id: 12185)
Fe-M-C（またはN）系のI-S結合エネルギーΔε~I-M~の推定値 (id: 2319),Nb (id: 12178)
Fe-M-C（またはN）系のI-S結合エネルギーΔε~I-M~の推定値 (id: 2319),Si (id: 12186)
Fe-M-C（またはN）系のI-S結合エネルギーΔε~I-M~の推定値 (id: 2319),Co (id: 12183)
Fe-M-C（またはN）系のI-S結合エネルギーΔε~I-M~の推定値 (id: 2319),C (id: 12187)
Fe-M-C（またはN）系のI-S結合エネルギーΔε~I-M~の推定値 (id: 2319),Ti (id: 12176)
Fe-M-C（またはN）系のI-S結合エネルギーΔε~I-M~の推定値 (id: 2319),Cr (id: 12180)
Fe-M-C（またはN）系のI-S結合エネルギーΔε~I-M~の推定値 (id: 2319),Ni (id: 12184)
Fe-M-C（またはN）系のI-S結合エネルギーΔε~I-M~の推定値 (id: 2319),Mo (id: 12181)
Fe-M-C（またはN）系のI-S結合エネルギーΔε~I-M~の推定値 (id: 2319),Mn (id: 12182)
Ni [mol%] (id: 6538),Fe-Ni系の粘度 (id: 129)
Obsolete scrap generation of stainless steel in Japan (Ferritic) (id: 2014),Obsolete Scrap Generation (Ferritic) (kt) (id: 11126)
CaO-FeO-CaF2 (id: 1346),CaO [mol%] (id: 6563)
CaO-FeO-CaF2 (id: 1346),FeO [mol%] (id: 6562)
Fe-C (b) (id: 1036),温度 [℃] (id: 6595)
Fe-Cr合金のγループに及ぼす（C+N）の影響 (id: 586),*T*/K (id: 6255)
Fe-Cr合金のγループに及ぼす（C+N）の影響 (id: 586),温度 (id: 6255)
Fe-Cr合金のγループに及ぼす（C+N）の影響 (id: 586),T/K (id: 6255)
Fe-Cr合金およびNi-Cr合金の超臨界水溶液中での耐食性 (id: 736),正味の腐食減量 -ΔWnet[g・m-2] (id: 8281)
FeO-SiO2 (id: 1330),温度 [℃] (id: 6595)
Fe二元系状態図 (id: 1056),温度 [℃] (id: 6595)
Ni [at%] (id: 6530),Ni-Fe系溶融合金の密度 (1550℃) (id: 119)
*t*/s (id: 6204),亜共析鋼のTTT線図およびFe-C状態図との関係 (id: 557)
*t*/s (id: 6204),Fe-3％ Cr-0.5％C 合金の恒温変態線図 (id: 106)
*t*/s (id: 6204),Fe-3％ Cr-0.5％ C合金の恒温変態線図 (id: 106)
Fe二元系状態図 (id: 1073),温度 [℃] (id: 6595)
Fe-30mass％Ni合金とAu-47.5mol％Cd合金の電気抵抗-温度曲線 (id: 198),抵抗比 (id: 6647)
Ni (id: 12184),Fe-M-C（またはN）系のI-S結合エネルギーΔε~I-M~の推定値 (id: 2319)
（t+1）/min (id: 7866),Fe-17％Cr-8％Niにおける等温マルテンサイトのTTTダイヤグラム (id: 620)
E (Ag/AgCl-3.33kmol・m-3KCl) (id: 8266),Nd-Fe-B 磁石合金のアノード分極曲線 (id: 723)
E (Ag/AgCl-3.33kmol・m-3KCl) (id: 8266),Tb-Fe 光磁気記録合金のアノード分極曲線 (id: 724)
Fe二元系状態図 (id: 1041),温度 [℃] (id: 6595)
2相ステンレス鋼（Fe-22 Cr-10 Ni）表面に形成した不動態皮膜および過不動皮膜の結晶粒毎の膜厚分布 (id: 1023),Lf/nm (id: 8742)
2相ステンレス鋼（Fe-22 Cr-10 Ni）表面に形成した不動態皮膜および過不動皮膜の結晶粒毎の膜厚分布 (id: 1023),*L*~f~/nm (id: 8742)
2相ステンレス鋼（Fe-22 Cr-10 Ni）表面に形成した不動態皮膜および過不動皮膜の結晶粒毎の膜厚分布 (id: 1023),皮膜厚 (id: 8742)
mass% (id: 8812),CaO-Al2O3-Fe2O3 (id: 1338)
mass% (id: 8812),Fe二元系状態図 (id: 1053)
mass% (id: 8812),Fe-Pd (id: 1066)
mass% (id: 8812),Fe-Si (id: 1078)
mass% (id: 8812),Fe-Mo (b) (id: 1058)
mass% (id: 8812),Fe二元系状態図 (id: 1066)
mass% (id: 8812),CaO-FeOn-P2O5 (id: 1341)
mass% (id: 8812),Fe二元系状態図 (id: 1064)
mass% (id: 8812),Fe二元系状態図 (id: 1063)
mass% (id: 8812),Fe二元系状態図 (id: 1044)
mass% (id: 8812),Fe-Pt (id: 1068)
mass% (id: 8812),Fe二元系状態図 (id: 1080)
mass% (id: 8812),Fe-U (id: 1083)
mass% (id: 8812),Fe二元系状態図 (id: 1039)
mass% (id: 8812),Fe-Cr (id: 1049)
mass% (id: 8812),Fe二元系状態図 (id: 1059)
mass% (id: 8812),Fe二元系状態図 (id: 1060)
mass% (id: 8812),Fe二元系状態図 (id: 1071)
mass% (id: 8812),Fe二元系状態図 (id: 1069)
mass% (id: 8812),FeO-SiO2 (id: 1330)
mass% (id: 8812),Fe-Nb (id: 1060)
mass% (id: 8812),Fe-Ti (id: 1082)
mass% (id: 8812),Fe-N (id: 1059)
mass% (id: 8812),Fe-S (id: 1350)
mass% (id: 8812),Fe二元系状態図 (id: 1073)
mass% (id: 8812),Fe二元系状態図 (id: 1052)
mass% (id: 8812),Fe-Al (id: 1037)
mass% (id: 8812),Fe-Cu (id: 1053)
mass% (id: 8812),Fe二元系状態図 (id: 1058)
mass% (id: 8812),Fe-Zn (id: 1086)
mass% (id: 8812),Fe-Co (id: 1046)
mass% (id: 8812),Fe-Zr (id: 1087)
mass% (id: 8812),Fe-Ga (id: 1052)
mass% (id: 8812),Fe二元系状態図 (id: 1079)
mass% (id: 8812),Fe-Ru (id: 1073)
mass% (id: 8812),CaO-FeO (id: 1323)
mass% (id: 8812),Fe-As (id: 1039)
mass% (id: 8812),Fe二元系状態図 (id: 1048)
mass% (id: 8812),Fe-Ce (id: 1048)
mass% (id: 8812),FeO-MgO-SiO2 (id: 1343)
mass% (id: 8812),Fe-B (id: 1042)
mass% (id: 8812),Fe二元系状態図 (id: 1056)
mass% (id: 8812),Fe二元系状態図 (id: 1050)
mass% (id: 8812),Fe二元系状態図 (id: 1037)
mass% (id: 8812),Al2O3-FeO (id: 1321)
mass% (id: 8812),Fe-Sb (id: 1076)
mass% (id: 8812),Fe-Sn (id: 1079)
mass% (id: 8812),Fe二元系状態図 (id: 1085)
mass% (id: 8812),Fe-P (id: 1065)
mass% (id: 8812),Fe-Ni (id: 1063)
mass% (id: 8812),Fe二元系状態図 (id: 1082)
mass% (id: 8812),Fe-Ta (id: 1080)
mass% (id: 8812),CaO-FeO-Fe2O3 (id: 1340)
mass% (id: 8812),Cu2O-SiO2, FeO-MgO (id: 1329)
mass% (id: 8812),Fe二元系状態図 (id: 1076)
mass% (id: 8812),Fe二元系状態図 (id: 1077)
mass% (id: 8812),Fe二元系状態図 (id: 1041)
mass% (id: 8812),Fe-S (id: 1074)
mass% (id: 8812),Fe-Se (id: 1077)
mass% (id: 8812),Fe-W (id: 1085)
mass% (id: 8812),Fe-Ge (id: 1054)
mass% (id: 8812),Fe二元系状態図 (id: 1078)
mass% (id: 8812),Fe-Cr (b) (id: 1050)
mass% (id: 8812),Fe二元系状態図 (id: 1068)
mass% (id: 8812),CaO-FeO-SiO2 (id: 1342)
mass% (id: 8812),FeO-MnO-SiO2 (id: 1344)
mass% (id: 8812),Fe-Nd (id: 1062)
mass% (id: 8812),Fe二元系状態図 (id: 1046)
mass% (id: 8812),Fe-Be (id: 1044)
mass% (id: 8812),Fe-Au (id: 1041)
mass% (id: 8812),Fe-Mn (id: 1056)
mass% (id: 8812),Fe二元系状態図 (id: 1065)
mass% (id: 8812),Fe二元系状態図 (id: 1042)
mass% (id: 8812),Fe-V (id: 1084)
mass% (id: 8812),Fe二元系状態図 (id: 1084)
mass% (id: 8812),Fe二元系状態図 (id: 1057)
mass% (id: 8812),Fe二元系状態図 (id: 1074)
mass% (id: 8812),Fe二元系状態図 (id: 1083)
mass% (id: 8812),Fe-Pu (id: 1069)
mass% (id: 8812),Fe-Mo (a) (id: 1057)
mass% (id: 8812),Fe-O (id: 1064)
mass% (id: 8812),Fe-Cr (a) (id: 1049)
mass% (id: 8812),Cu2S-FeS (id: 1352)
mass% (id: 8812),Fe二元系状態図 (id: 1062)
mass% (id: 8812),Fe二元系状態図 (id: 1054)
mass% (id: 8812),Fe-Rh (id: 1071)
mass% (id: 8812),Fe二元系状態図 (id: 1049)
mass% (id: 8812),Fe二元系状態図 (id: 1086)
Fe-Ru (id: 1073),温度 [℃] (id: 6595)
FeO [mol%] (id: 6562),FeO-CaO-SiO2, FeO-CaO-Fe2O3系の密度 (1400℃)) (id: 151)
FeO [mol%] (id: 6562),FeO-CaO-SiO2, FeO-CaO-Fe2O3系の密度 (1400℃) (id: 151)
FeO [mol%] (id: 6562),CaO-FeO-SiO2系のFeOの活量 [1873K] (id: 343)
FeO [mol%] (id: 6562),CaO-FeO-Fe2O3系のFeOおよびFe2O3の活量 [1873K] (id: 345)
Cu2S-FeS　系の活量 (id: 363),α (id: 7021)
Fe二元系状態図 (id: 1034),温度 [℃] (id: 6595)
Fe-C系状態図 (id: 1983),温度 [℃] (id: 6595)
亜共析鋼のTTT線図およびFe-C状態図との関係 (id: 557),T/℃ (id: 6823)
亜共析鋼のTTT線図およびFe-C状態図との関係 (id: 557),T/K (id: 6255)
亜共析鋼のTTT線図およびFe-C状態図との関係 (id: 557),温度 (id: 6823)
亜共析鋼のTTT線図およびFe-C状態図との関係 (id: 557),*T*/℃ (id: 6823)
亜共析鋼のTTT線図およびFe-C状態図との関係 (id: 557),*T*/K (id: 6255)
亜共析鋼のTTT線図およびFe-C状態図との関係 (id: 557),温度 (id: 6255)
Fe二元系状態図 (id: 1048),温度 [℃] (id: 6595)
Mn (id: 12182),Fe-M-C（またはN）系のI-S結合エネルギーΔε~I-M~の推定値 (id: 2319)
変形速度/mm・min⁻¹ (id: 13279),多結晶Feの上降伏応力(a)および下降伏応力(b)に及ぼす変形速度の影響.変形温度：300K (id: 2757)
γ⁻¹/10⁻³K⁻¹ (id: 13303),Nb中のNOFeC拡散係数と,Nb中のH拡散係数の比較(J.Völkl and G.Alefeld:文献(1),p.321による) (id: 2960)
γ⁻¹/10⁻³K⁻¹ (id: 13303),Nb中のNとO,Fe中のCの拡散係数と,Nb中のHの拡散係数の比較(J.Völkl and G.Alefeld:文献(1),p.321による) (id: 2960)
γ⁻¹/10⁻³K⁻¹ (id: 13303),α-Fe中のHの拡散データ.異なる記号はそれぞれ別の研究者による実験に対応している(J.Völkl and G.Alefeld:文献(1),p.321) (id: 2764)
Fe-Cr合金の耐食性 (id: 2085),溶解減量 [mg/cm2/hr] (id: 11425)
Cao-FeO系のFeOとCaOの活量 [1873K] (id: 337),αi (id: 6639)
Cu-Fe系溶融合金の密度 (id: 114),密度 [Mg/m3] (id: 6513)
試験温度/K (id: 13694),Fe-20%Ni合金の延性に及ぼす試験温度およびひずみ速度の影響.試験前1573Kに60s保持(鈴木洋夫,西村哲,今村淳,中村泰:鉄と鋼,67(1981),1180) (id: 3034)
Al2O3-FeO (id: 1321),温度 [℃] (id: 6595)
W(μm) (id: 12373),Fe多結晶の変形初期に現われるバンド領域の幅(W)と計算で求めた影響領域の直径(Λ)との関係 (id: 2394)
組成の異なるFe-Sn合金における粒界偏析量の温度依存性 (id: 2777),温度/K (id: 13333)
組成の異なるFe-Sn合金における粒界偏析量の温度依存性 (id: 2777),温度/℃ (id: 13332)
Fe-C系の準安定状態図　α鉄を含まないFe/Fe3C平衡 (id: 413),温度 (id: 6823)
Fe-C系の準安定状態図　α鉄を含まないFe/Fe3C平衡 (id: 413),*T*/℃ (id: 6823)
Fe-C系の準安定状態図　α鉄を含まないFe/Fe3C平衡 (id: 413),T/℃ (id: 6823)
Fe-C合金の残留オーステナイト量と炭素量の関係 (id: 571),残留オーステナイト量[％] (id: 7505)
Fe-Sn溶融2元合金の表面張力 (id: 135),表面張力 [mN/m] (id: 6541)
α-Fe中のHの拡散データ.異なる記号はそれぞれ別の研究者による実験に対応している(J.Völkl and G.Alefeld:文献(1),p.321) (id: 2764),拡散係数,D/m²・s⁻¹ (id: 13304)
微粒化による溶解度の増大　Fe-C系オーステナイトに対するFe~3~C微粒子の固溶度線 (id: 2343),温度，*T/K (id: 12105)
微粒化による溶解度の増大　Fe-C系オーステナイトに対するFe~3~C微粒子の固溶度線 (id: 2343),温度，*T*/K (id: 12105)
微粒化による溶解度の増大　Fe-C系オーステナイトに対するFe~3~C微粒子の固溶度線 (id: 2343),温度，*T (id: 12105)
E (SHE) [V] (id: 8267),150℃におけるFe-Cr合金のアノード分極曲線 (id: 727)
E (SHE) [V] (id: 8267),高温高圧水中における Fe-10 Cr 合金のアノード分極曲線の温度による変化 (id: 725)
E (SHE) [V] (id: 8267),高温高圧水中におけるFe-20 Cr 合金のアノード分極曲線の温度による変化 (id: 726)
E (SHE) [V] (id: 8267),285℃におけるFe-Cr 合金のアノード分極曲線 (id: 728)
Cr [%] (id: 11363),Fe-Cr合金の耐食性 (id: 2085)
Cr [%] (id: 11363),Fe-Cr-Ni系合金の組織図 (id: 2087)
Fe-Cr-Ni合金破面からのオージェ・スペクトル (id: 402),dN/dE (id: 7173)
Fe-Cr-Ni合金破面からのオージェ・スペクトル (id: 402),d*N*/d*E* (id: 7173)
Fe-Mn合金における変態温度と濃度の関係 (id: 1878),温度 [℃] (id: 6595)
Cu [mass%] (id: 6525),Cu-Fe系溶融合金の密度 (id: 114)
Fe単結晶の磁化曲線 (id: 2083),磁化の強さ I [G] (id: 11405)
温度,T/K (id: 12622),Fe-Si合金の単結晶の降伏応力の温度依存性(青野らによる) (id: 2487)
アモルファスFeと液体Feの構造因子*S*（*Q*） (id: 50),構造因子 (id: 6302)
アモルファスFeと液体Feの構造因子*S*（*Q*） (id: 50),*S*（*Q*） (id: 6302)
アモルファスFeと液体Feの構造因子*S*（*Q*） (id: 50),S（Q） (id: 6302)
Ni量/原子% (id: 11987),Ni-Fe fcc固溶体にキュリー点･初透磁率･熱膨張係数･磁わい常数･磁気異方性の変化 (id: 2236)
*r*/nm (id: 6758),Fe-3.5mol％Cu合金におけるCu粒子半径rと分散強化量Δσの関係 (id: 233)
*r*/nm (id: 6758),Fe-3.5mol％Cu合金におけるCu粒子半径*r*と分散強化量Δσの関係 (id: 233)
添加酸化物 [mol%] (id: 6579),溶融2元FeO系の表面張力 (1400℃) (id: 164)
鉄原子からの距離 (id: 7088),Fe-Zr系材料のEXAFSより求めたFe原子まわりの原子の分布 (id: 381)
Fe二元系状態図 (id: 1057),温度 [℃] (id: 6595)
Fe-Cr-C3元状態図の17％Cr等濃度断面 (id: 587),T/℃ (id: 6823)
Fe-Cr-C3元状態図の17％Cr等濃度断面 (id: 587),T/K (id: 6255)
Fe-Cr-C3元状態図の17％Cr等濃度断面 (id: 587),温度 (id: 6823)
Fe-Cr-C3元状態図の17％Cr等濃度断面 (id: 587),*T*/℃ (id: 6823)
Fe-Cr-C3元状態図の17％Cr等濃度断面 (id: 587),*T*/K (id: 6255)
Fe-Cr-C3元状態図の17％Cr等濃度断面 (id: 587),温度 (id: 6255)
Annealing time [min] (id: 11323),Effects of hot rolling conditions and annealing time on Fe~3~C precipitation behavior (id: 2071)
置換形固溶体の格子定数　(c)α-Fe合金の格子定数 (id: 72),格子定数 [nm] (id: 6385)
炭素量 [mass%] (id: 8042),Fe-C系状態図 (id: 1983)
Fe-Ge (id: 1054),温度 [℃] (id: 6595)
フェルミ面からのエネルギー (id: 6293),Au（001）面上にFeを成長させたときの逆光電子分光スペクトル (id: 47)
Fe-C合金における変態温度と濃度の関係 (id: 1877),温度 [℃] (id: 6595)
3％Si-Fe合金（50％冷間加工）の加熱温度（各1h）と結晶粒径の関係 (id: 206),*R*/μm (id: 6655)
3％Si-Fe合金（50％冷間加工）の加熱温度（各1h）と結晶粒径の関係 (id: 206),結晶粒径 (id: 6655)
3％Si-Fe合金（50％冷間加工）の加熱温度（各1h）と結晶粒径の関係 (id: 206),結晶粒径 (id: 6659)
3％Si-Fe合金（50％冷間加工）の加熱温度（各1h）と結晶粒径の関係 (id: 206),R/mm (id: 6659)
3％Si-Fe合金（50％冷間加工）の加熱温度（各1h）と結晶粒径の関係 (id: 206),R (id: 6655)
3％Si-Fe合金（50％冷間加工）の加熱温度（各1h）と結晶粒径の関係 (id: 206),R/μm (id: 6655)
3％Si-Fe合金（50％冷間加工）の加熱温度（各1h）と結晶粒径の関係 (id: 206),*R*/mm (id: 6655)
3％Si-Fe合金（50％冷間加工）の加熱温度（各1h）と結晶粒径の関係 (id: 206),結晶粒系 (id: 6655)
3％Si-Fe合金（50％冷間加工）の加熱温度（各1h）と結晶粒径の関係 (id: 206),*R* (id: 6655)
FeO-MnO-SiO2 (id: 1344),mass% (id: 8812)
Mo (id: 12181),Fe-M-C（またはN）系のI-S結合エネルギーΔε~I-M~の推定値 (id: 2319)
Fe-Cu溶融2元合金の表面張力 (id: 133),表面張力 [mN/m] (id: 6541)
*E*~k~/eV (id: 7172),Fe-Cr-Ni合金破面からのオージェ・スペクトル (id: 402)
Cu (id: 12185),Fe-M-C（またはN）系のI-S結合エネルギーΔε~I-M~の推定値 (id: 2319)
添加元素 [mass%] (id: 6537),普通添加元素　(ⅱ)FeとTiは600℃, その他は500℃で30min焼なましを行ったときの再結晶粒度 (id: 480)
添加元素 [mass%] (id: 6537),Fe系溶融2元合金の粘度 (1550℃)(Ⅱ) (id: 128)
添加元素 [mass%] (id: 6537),Fe系溶融2元合金の粘度 (1550℃)(Ⅰ) (id: 127)
Sn [at%] (id: 6545),Fe-Sn溶融2元合金の表面張力 (id: 135)
Fe-C系の共析反応に及ぼす合金元素の影響 (id: 422),T/K (id: 7240)
Fe-C系の共析反応に及ぼす合金元素の影響 (id: 422),炭素濃度[mass％] (id: 7221)
Fe-C系の共析反応に及ぼす合金元素の影響 (id: 422),*T*/K (id: 7240)
Fe-C系の共析反応に及ぼす合金元素の影響 (id: 422),T/℃ (id: 7241)
Fe-C系の共析反応に及ぼす合金元素の影響 (id: 422),共析温度 (id: 7241)
Fe-C系の共析反応に及ぼす合金元素の影響 (id: 422),共析温度 (id: 7240)
Fe-C系の共析反応に及ぼす合金元素の影響 (id: 422),*T*/℃ (id: 7241)
Fe二元系状態図 (id: 1074),温度 [℃] (id: 6595)
Fe二元系状態図 (id: 1083),温度 [℃] (id: 6595)
Fe-Zr (id: 1087),温度 [℃] (id: 6595)
*T*/K (id: 6255),Fe~83~B~17~アルモファス合金の熱膨張曲線およびヤング率の温度依存性 (id: 993)
*T*/K (id: 6255),異なる2方向から引張ったFe単結晶の臨界分解せん断応力の温度依存性 (id: 224)
*T*/K (id: 6255),Fe83B17アルモファス合金の熱膨張曲線およびヤング率の温度依存性 (id: 993)
*T*/K (id: 6255),Fe-24.9mass％ Ni-3.9mass％ Mn合金（等温）における母相とマルテンサイト相のギブス自由エネルギー差と温度の関係 (id: 201)
*T*/K (id: 6255),Fe-24.9mass％Ni-3.9mass％Mn合金（等温）における母相とマルテンサイト相のギブス自由エネルギー差と温度の関係 (id: 201)
*T*/K (id: 6255),77Kで中性子照射したFe単結晶の内部摩擦 (id: 816)
Fe-C合金におけるパーライト・ラメラ間隔λと変態温度の関係 (id: 104),λ^-1^/μm^-1^ (id: 6522)
Fe-C合金におけるパーライト・ラメラ間隔λと変態温度の関係 (id: 104),λ-1/μm-1 (id: 6522)
Fe-3.5mol％Cu合金におけるCu粒子半径*r*と分散強化量Δσの関係 (id: 233),Δσ/GPa (id: 6757)
at% C (id: 8805),Fe-C (a) (id: 1034)
at% C (id: 8805),Fe-C (b) (id: 1036)
at% C (id: 8805),Fe二元系状態図 (id: 1036)
at% C (id: 8805),Fe二元系状態図 (id: 1034)
Fe-Cr-Ni3元系状態図の18％Cr等濃度断面 (id: 588),T/℃ (id: 6823)
Fe-Cr-Ni3元系状態図の18％Cr等濃度断面 (id: 588),T/K (id: 6255)
Fe-Cr-Ni3元系状態図の18％Cr等濃度断面 (id: 588),温度 (id: 6823)
Fe-Cr-Ni3元系状態図の18％Cr等濃度断面 (id: 588),*T*/℃ (id: 6823)
Fe-Cr-Ni3元系状態図の18％Cr等濃度断面 (id: 588),*T*/K (id: 6255)
Fe-Cr-Ni3元系状態図の18％Cr等濃度断面 (id: 588),温度 (id: 6255)
真のひずみ ε (id: 10800),Fe-Cr-Ni合金によるオーステナイトの加工によるマルテンサイト変態量の変化 (id: 1884)
Fe-Si合金単結晶の降伏応力の濃度依存性(青野らによる) (id: 2486),降伏応力,τ₀/Mpa (id: 12630)
貯蔵能力 (id: 12442),FeTi,_LaNi5およびMg2Ni系合金の水素貯蔵用金属材料としての諸特性の比較 (id: 2411)
t/s (id: 6204),亜共析鋼のTTT線図およびFe-C状態図との関係 (id: 557)
t/s (id: 6204),Fe-3％ Cr-0.5％C 合金の恒温変態線図 (id: 106)
t/s (id: 6204),Fe-3％ Cr-0.5％ C合金の恒温変態線図 (id: 106)
Fe2O3-PbO (id: 1331),温度 [℃] (id: 6595)
Fe-17％Cr-8％Niにおける等温マルテンサイトのTTTダイヤグラム (id: 620),T/℃ (id: 6823)
Fe-17％Cr-8％Niにおける等温マルテンサイトのTTTダイヤグラム (id: 620),T/K (id: 6255)
Fe-17％Cr-8％Niにおける等温マルテンサイトのTTTダイヤグラム (id: 620),温度 (id: 6823)
Fe-17％Cr-8％Niにおける等温マルテンサイトのTTTダイヤグラム (id: 620),*T*/℃ (id: 6823)
Fe-17％Cr-8％Niにおける等温マルテンサイトのTTTダイヤグラム (id: 620),*T*/K (id: 6255)
Fe-17％Cr-8％Niにおける等温マルテンサイトのTTTダイヤグラム (id: 620),温度 (id: 6255)
Fe-Rh (id: 1071),温度 [℃] (id: 6595)
Fe二元系状態図 (id: 1049),温度 [℃] (id: 6595)
合金元素濃度[mass％] (id: 7236),Fe-C系の偏晶反応に及ぼす合金元素の影響 (id: 420)
合金元素濃度[mass％] (id: 7236),Fe-C系の共析反応に及ぼす合金元素の影響 (id: 422)
Na2O-SiO2-Fe2O3系の等粘度曲線 [10-1Pa・s] (1400℃) (id: 159),Na2O [mol%] (id: 6573)
Na2O-SiO2-Fe2O3系の等粘度曲線 [10-1Pa・s] (1400℃) (id: 159),SiO2 [mol%] (id: 6561)
圧力 kb (id: 8651),Fe (id: 962)
Fe二元系状態図 (id: 1071),温度 [℃] (id: 6595)
層間隔，λ (id: 12607),Fe-C系のパーライトと通常の共晶・共析のλとυの対比 (id: 2478)
t (id: 6204),亜共析鋼のTTT線図およびFe-C状態図との関係 (id: 557)
t (id: 6204),Fe-3％ Cr-0.5％C 合金の恒温変態線図 (id: 106)
t (id: 6204),Fe-3％ Cr-0.5％ C合金の恒温変態線図 (id: 106)
FeO-SiO2系融体の粘度 (id: 155),粘度 [10-1Pa・s] (id: 6571)
CaO-SiO2-Fe2O3系の等粘度曲線 [10-1Pa・s] (1550℃) (id: 158),CaO [mol%] (id: 6563)
CaO-SiO2-Fe2O3系の等粘度曲線 [10-1Pa・s] (1550℃) (id: 158),SiO2 [mol%] (id: 6561)
Fe二元系状態図 (id: 1063),温度 [℃] (id: 6595)
Fe3C/M23C6炭化物回折線強度比による水素浸食損傷の評価 (id: 331),Pιパラメータ (id: 6985)
Fe3C/M23C6炭化物回折線強度比による水素浸食損傷の評価 (id: 331),*Pv*パラメータ (id: 6985)
Cu2S-PbS, FeS-PbS系の活量 (1200℃) (id: 364),α (id: 7021)
Fe二元系状態図 (id: 1080),温度 [℃] (id: 6595)
時効温度 [℃] (id: 10761),Fe-Mn-Co合金における等時間時効による電気抵抗の変化 (id: 1870)
Fe二元系状態図 (id: 1039),温度 [℃] (id: 6595)
温度(K) (id: 13795),Ni量の異なるFe-Ni合金を,種々の温度で試験したときのシャルピー吸収エネルギーの変化 (id: 3089)
Fe二元系状態図 (id: 1059),温度 [℃] (id: 6595)
Ni量の異なるFe-Ni合金を,種々の温度で試験したときのシャルピー吸収エネルギーの変化 (id: 3089),シャルピー吸収エネルギー(J) (id: 13797)
Ni [mass%] (id: 7116),Fe-CrおよびFe-Ni2元状態図 (id: 387)
炭素濃度（mass%C） (id: 12242),微粒化による溶解度の増大　Fe-C系オーステナイトに対するFe~3~C微粒子の固溶度線 (id: 2343)
N ZnS (id: 7029),Cu2S-ZnS, FeS-ZnS系の活量 (1200℃) (id: 365)
Fe系溶融2元合金の粘度 (1550℃)(Ⅱ) (id: 128),粘度 [mPa・s] (id: 6535)
Fe-Cr-Ni系合金の組織図 (id: 2087),Ni [%] (id: 11362)
Fe-C系の準安定状態図　Fe/Fe23C6平衡 (id: 412),*T*/K (id: 6255)
Fe-C系の準安定状態図　Fe/Fe23C6平衡 (id: 412),温度 (id: 6255)
Fe-C系の準安定状態図　Fe/Fe23C6平衡 (id: 412),T/K (id: 6255)
Ni-Fe系溶融合金の密度 (1550℃) (id: 119),密度 [Mg/m3] (id: 6513)
Fe-N (id: 1059),温度 [℃] (id: 6595)
Fe二元系状態図 (id: 1052),温度 [℃] (id: 6595)
Fe系溶融合金の表面張力 (id: 136),表面張力 [mN/m] (id: 6541)
Time (month) (id: 10906),Time course changes of Fe^2+^ and oxidation efficiency of artificial wastewater and effluent (id: 1914)
Time (month) (id: 10906),Time course changes of Fe^2+^ of actual wastewater and effluent (id: 1915)
mol % (id: 8878),Fe2O3-PbO (id: 1331)
mol % (id: 8878),Fe-S-ZnS (id: 1353)
Fe83B17アルモファス合金の熱膨張曲線およびヤング率の温度依存性 (id: 993),Δl/l (id: 8661)
Fe83B17アルモファス合金の熱膨張曲線およびヤング率の温度依存性 (id: 993),ヤング率 (id: 6863)
Fe83B17アルモファス合金の熱膨張曲線およびヤング率の温度依存性 (id: 993),E/GPa (id: 6863)
Fe83B17アルモファス合金の熱膨張曲線およびヤング率の温度依存性 (id: 993),*E*/GPa (id: 6863)
Fe83B17アルモファス合金の熱膨張曲線およびヤング率の温度依存性 (id: 993),Δ*l*/*l* (id: 8661)
Fe83B17アルモファス合金の熱膨張曲線およびヤング率の温度依存性 (id: 993),熱膨張率 (id: 8661)
Fe系溶融2元合金の粘度 (1550℃)(Ⅰ) (id: 127),粘度 [mPa・s] (id: 6535)
運動エネルギー (id: 7172),Fe-Cr-Ni合金破面からのオージェ・スペクトル (id: 402)
Fe二元系状態図 (id: 1058),温度 [℃] (id: 6595)
V (id: 12179),Fe-M-C（またはN）系のI-S結合エネルギーΔε~I-M~の推定値 (id: 2319)
E (SCE) [V] (id: 8237),塩酸中におけるFe-Cr合金のアノード分極曲線 (id: 711)
E (SCE) [V] (id: 8237),Fe-Ni合金のアノード分極曲線 (id: 710)
E (SCE) [V] (id: 8237),Fe-Cr合金のアノード分極曲線 (id: 709)
Fe-Zn (id: 1086),温度 [℃] (id: 6595)
Relationship between (T.Fe) component of slag and [C] (id: 1605),(%T.Fe) (id: 9727)
Ni (id: 5841),Fe-Cr-Ni3元系状態図の18％Cr等濃度断面 (id: 588)
Fe-CrおよびFe-Ni2元状態図 (id: 387),温度 [℃] (id: 6595)
Fe-CrおよびFe-Ni2元状態図 (id: 387),温度 [K] (id: 6344)
温度 (id: 6255),Fe~83~B~17~アルモファス合金の熱膨張曲線およびヤング率の温度依存性 (id: 993)
温度 (id: 6255),異なる2方向から引張ったFe単結晶の臨界分解せん断応力の温度依存性 (id: 224)
温度 (id: 6255),Fe83B17アルモファス合金の熱膨張曲線およびヤング率の温度依存性 (id: 993)
温度 (id: 6255),Fe-24.9mass％ Ni-3.9mass％ Mn合金（等温）における母相とマルテンサイト相のギブス自由エネルギー差と温度の関係 (id: 201)
温度 (id: 6255),Fe-24.9mass％Ni-3.9mass％Mn合金（等温）における母相とマルテンサイト相のギブス自由エネルギー差と温度の関係 (id: 201)
温度 (id: 6255),77Kで中性子照射したFe単結晶の内部摩擦 (id: 816)
Fe-Ga (id: 1052),温度 [℃] (id: 6595)
Inputs of stainless steel in Japan (Ferritic) (id: 2006),Input of Ferritic Stainless Steel (kt) (id: 11118)
異なる2方向から引張ったFe単結晶の臨界分解せん断応力の温度依存性 (id: 224),臨界分解せん断応力/MPa (id: 6743)
Fe-As (id: 1039),温度 [℃] (id: 6595)
E (Ag/AgCl-3.33kmol・m-3KCl) [V] (id: 8266),Nd-Fe-B 磁石合金のアノード分極曲線 (id: 723)
E (Ag/AgCl-3.33kmol・m-3KCl) [V] (id: 8266),Tb-Fe 光磁気記録合金のアノード分極曲線 (id: 724)
*H* (id: 9094),応力（σ）によるヒステリシスループの変化（Fe-68％ Ni） (id: 1406)
Fe-Ti (id: 1082),温度 [℃] (id: 6595)
*r*^-1^/nm^-1^ (id: 6756),Fe-3.5mol％Cu合金におけるCu粒子半径rと分散強化量Δσの関係 (id: 233)
*r*^-1^/nm^-1^ (id: 6756),Fe-3.5mol％Cu合金におけるCu粒子半径*r*と分散強化量Δσの関係 (id: 233)
Fe-Ce (id: 1048),温度 [℃] (id: 6595)
CaO-CaCl2-FetO系のCaOの活量 [1473K] (id: 354),α CaO (id: 7004)
NX (id: 6620),Fe-X系 (id: 187)
侵入形固溶体の格子定数　(b)Fe-Cマルテンサイト (id: 74),格子定数 [nm] (id: 6385)
Fe二元系状態図 (id: 1050),温度 [℃] (id: 6595)
Fe二元系状態図 (id: 1037),温度 [℃] (id: 6595)
Tb-Fe 光磁気記録合金のアノード分極曲線 (id: 724),i [A・m-2] (id: 8238)
CaO-FeO-SiO2系のFeOの活量 [1873K] (id: 343),CaO [mol%] (id: 6563)
CaO-FeO-SiO2系のFeOの活量 [1873K] (id: 343),SiO2 [mol%] (id: 6561)
層間隔, λ (id: 12607),Fe-C系のパーライトと通常の共晶・共析のλとυの対比 (id: 2478)
Time course changes of Fe^2+^ and oxidation efficiency of artificial wastewater and effluent (id: 1914),Fe^2+^ (mg/L) (id: 10907)
Time course changes of Fe^2+^ and oxidation efficiency of artificial wastewater and effluent (id: 1914),HRT (h) (id: 10908)
Cu-Fe-S系におけるマット-金属間の平衡とCuの等活量線 (1250℃) (id: 368),N Cu (id: 7032)
Cu-Fe-S系におけるマット-金属間の平衡とCuの等活量線 (1250℃) (id: 368),N S (id: 7034)
X [mol%] (X=FeO, Al2O3) (id: 6580),CaO-SiO2-FeO (1400℃), CaO-SiO2-Al2O3 (1600℃)の等表面張力線 [mN/m] (id: 167)
Au（001）面上に成長させたくさび状Fe（001）超薄膜における極磁気カー楕円率（ηK）のFe膜厚依存性（1eV=1.6×10-19J） (id: 48),磁気光学楕円率/mmin (id: 6297)
*T*/K (id: 7255),種々の熱処理をしたFeの温度依存性 (id: 534)
周期表・族番号 (id: 12162),Al-X系とFe-X系の液相におけるΩの推定値 (id: 2308)
周期表・族番号 (id: 12162),Fe-X系の相互固溶度と原子半径差との関連 (id: 2321)
N CACl2 (id: 7006),CaO-CaCl2-FetO系のCaOの活量 [1473K] (id: 354)
N CACl2 (id: 7006),CaO-CaCl2-FetO系のFetOの活量 [1473K] (id: 355)
Fe-Ni溶融2元合金の表面張力 (id: 134),表面張力 [mN/m] (id: 6541)
N (id: 12188),Fe-M-C（またはN）系のI-S結合エネルギーΔε~I-M~の推定値 (id: 2319)
Fe含有量 (id: 12474),Ce-Fe系状態図 (id: 2422)
合金元素 [mass%] (id: 6531),Fe-C 3元系溶融合金の密度 (1600℃) (id: 121)
150℃におけるFe-Cr合金のアノード分極曲線 (id: 727),i [A・m-2] (id: 8238)
Ni-Fe fcc固溶体にキュリー点･初透磁率･熱膨張係数･磁わい常数･磁気異方性の変化 (id: 2236),キューリ点, θ/K (id: 11983)
Ni-Fe fcc固溶体にキュリー点･初透磁率･熱膨張係数･磁わい常数･磁気異方性の変化 (id: 2236),結晶磁気異方性, K/10 2J･m-3 (id: 11982)
Ni-Fe fcc固溶体にキュリー点･初透磁率･熱膨張係数･磁わい常数･磁気異方性の変化 (id: 2236),熱膨張係数, α/10-6K-1 (id: 11985)
Ni-Fe fcc固溶体にキュリー点･初透磁率･熱膨張係数･磁わい常数･磁気異方性の変化 (id: 2236),初透磁率, μ0/10 3 (id: 11984)
Ni-Fe fcc固溶体にキュリー点･初透磁率･熱膨張係数･磁わい常数･磁気異方性の変化 (id: 2236),磁歪常数, λs/10-6 (id: 11986)
Fe-Cr-Ni合金によるオーステナイトの加工によるマルテンサイト変態量の変化 (id: 1884),マルテンサイト量の比 Mε/M0 (id: 10801)
析出したCu粒子の半径 (id: 6758),Fe-3.5mol％Cu合金におけるCu粒子半径rと分散強化量Δσの関係 (id: 233)
析出したCu粒子の半径 (id: 6758),Fe-3.5mol％Cu合金におけるCu粒子半径*r*と分散強化量Δσの関係 (id: 233)
Cr含有量 [mass%] (id: 8280),Fe-Cr合金およびNi-Cr合金の超臨界水溶液中での耐食性 (id: 736)
Cu2S-ZnS, FeS-ZnS系の活量 (1200℃) (id: 365),α (id: 7021)
Fe-C系の拡散係数 (id: 2480),拡散係数，*D (id: 12312)
Fe-C系の拡散係数 (id: 2480),拡散係数，*D*/m^2^・s^-1^ (id: 12312)
Fe二元系状態図 (id: 1036),温度 [℃] (id: 6595)
*E*~F~/eV (id: 6296),Au（001）面上にFeを成長させたときの逆光電子分光スペクトル (id: 47)
Fe-S (id: 1074),温度 [℃] (id: 6595)
Ni [wt%] (id: 10771),Fe-Ni合金における変態温度と濃度の関係 (id: 1875)
Au（001）面上にFeを成長させたときの逆光電子分光スペクトル (id: 47),逆光電子プロセスの光放出強度 (id: 6295)
Fe-Si合金の単結晶の降伏応力の温度依存性(青野らによる) (id: 2487),降伏応力,τ₀/Mpa (id: 12630)
Fe-S-ZnS (id: 1353),温度 [℃] (id: 6595)
Fe-Cr (id: 1049),温度 [℃] (id: 6595)
SiO2 [mass%] (id: 6567),FeO-SiO2系のSiO2とFeOの活量 (id: 333)
Nd-Fe-B 磁石合金のアノード分極曲線 (id: 723),i [A・m-2] (id: 8238)
Fe-Nd (id: 1062),温度 [℃] (id: 6595)
Fe-Ni-Mn合金の等温アルテンサイト変態 (id: 1874),温度 [℃] (id: 6595)
Fe合金の凝固温度区間 (id: 2028),凝固温度区間 [℃] (id: 11195)
試験温度 (id: 7255),種々の熱処理をしたFeの温度依存性 (id: 534)
Ti (id: 12176),Fe-M-C（またはN）系のI-S結合エネルギーΔε~I-M~の推定値 (id: 2319)
加熱温度 (id: 6658),3％Si-Fe合金（50％冷間加工）の加熱温度（各1h）と結晶粒径の関係 (id: 206)
Fe-V (id: 1084),温度 [℃] (id: 6595)
Fe二元系状態図 (id: 1084),温度 [℃] (id: 6595)
等温保持時間t+1 [min] (id: 10770),Fe-Ni-Mn合金の等温アルテンサイト変態 (id: 1874)
Fe-Ni (id: 1063),温度 [℃] (id: 6595)
*r*/nm (id: 7088),Fe-Zr系材料のEXAFSより求めたFe原子まわりの原子の分布 (id: 381)
Ni-Fe-Al 3元系における1023Kの切断図 (id: 2240),Ni含有量/質量% (id: 11842)
Ni-Fe-Al 3元系における1023Kの切断図 (id: 2240),Ni含有量/原子% (id: 11994)
*T^-1/10^-4K^-1 (id: 12344),Fe-C系の拡散係数 (id: 2480)
T/K (id: 6255),Fe~83~B~17~アルモファス合金の熱膨張曲線およびヤング率の温度依存性 (id: 993)
T/K (id: 6255),異なる2方向から引張ったFe単結晶の臨界分解せん断応力の温度依存性 (id: 224)
T/K (id: 6255),Fe83B17アルモファス合金の熱膨張曲線およびヤング率の温度依存性 (id: 993)
T/K (id: 6255),Fe-24.9mass％ Ni-3.9mass％ Mn合金（等温）における母相とマルテンサイト相のギブス自由エネルギー差と温度の関係 (id: 201)
T/K (id: 6255),Fe-24.9mass％Ni-3.9mass％Mn合金（等温）における母相とマルテンサイト相のギブス自由エネルギー差と温度の関係 (id: 201)
T/K (id: 6255),77Kで中性子照射したFe単結晶の内部摩擦 (id: 816)
*E*~k~/10^-18^J (id: 7175),Fe-Cr-Ni合金破面からのオージェ・スペクトル (id: 402)
FeO-CaO-SiO2, FeO-CaO-Fe2O3系の密度 (1400℃) (id: 151),CaO [mol%] (id: 6563)
FeO-CaO-SiO2, FeO-CaO-Fe2O3系の密度 (1400℃) (id: 151),SiO2, Fe2O3 [mol%] (id: 6564)
窒素濃度/原子ppm (id: 12633),Fe-N合金単結晶の降伏応力の濃度依存性(青野らによる) (id: 2490)
pH (id: 5795),Fe-H2O系の電位-pH図と腐食図 (id: 1000)
pH (id: 5795),Fe-H~2~O系の電位-pH図と腐食図 (id: 1000)
pH (id: 5795),Fe-H2O系電位-pH図 (id: 8)
pH (id: 5795),Fe-H~2~O系電位-pH図（298K、a~Fe2+~=a~Fe3+~=1） (id: 8)
Fe二元系状態図 (id: 1065),温度 [℃] (id: 6595)
γFe-C系侵入型固溶体（オーステナイト）の自由エネルギー (id: 2309),自由エネルギー，*G*~γ~/kJ・mol^-1^ (id: 12165)
Fe-Cr (a) (id: 1049),温度 [℃] (id: 6595)
C量[％] (id: 7487),亜共析鋼のTTT線図およびFe-C状態図との関係 (id: 557)
C量[％] (id: 7487),Fe-C合金の残留オーステナイト量と炭素量の関係 (id: 571)
Cu2S-FeS (id: 1352),温度 [℃] (id: 6595)
Si (id: 12186),Fe-M-C（またはN）系のI-S結合エネルギーΔε~I-M~の推定値 (id: 2319)
Fe-Pu (id: 1069),温度 [℃] (id: 6595)
Fe二元系状態図 (id: 1054),温度 [℃] (id: 6595)
Fe-Cr-Ni合金の沸騰42％MgCl~2~における破断時間 (id: 623),*t*/h (id: 6923)
Fe-Cr-Ni合金の沸騰42％MgCl~2~における破断時間 (id: 623),t/h (id: 6923)
Fe-Cr-Ni合金の沸騰42％MgCl~2~における破断時間 (id: 623),破断時間 (id: 6923)
Ce-Fe系状態図 (id: 2422),温度 (id: 12450)
*T*/K (id: 6521),Fe-C合金におけるパーライト・ラメラ間隔λと変態温度の関係 (id: 104)
T/K (id: 6658),3％Si-Fe合金（50％冷間加工）の加熱温度（各1h）と結晶粒径の関係 (id: 206)
層間隔,λ (id: 12607),Fe-C系のパーライトと通常の共晶・共析のλとυの対比 (id: 2478)
Fe-H2O系 (id: 696),E [V] (id: 8217)
合金元素量/原子% (id: 12614),フェライトの引張強さに及ぼす固溶元素の影響()内の数字はFeとの原子半径さ(nm=10Å) (id: 2482)
温度，*T*/K (id: 12105),bccFeの磁気変態に伴う熱容量，エンタルピー，自由エネルギーの変化 (id: 2293)
温度，*T*/K (id: 12105),γFe-侵入型(I)-置換型(S)の固溶体におけるI-S結合 (id: 2315)
高温高圧水中における Fe-10 Cr 合金のアノード分極曲線の温度による変化 (id: 725),i [A・m-2] (id: 8238)
処理後スラグ中FeO濃度比較 (id: 1591),Observation of (mass%Fe~t~O) after dephosphorization (id: 9701)
N PbS (id: 7028),Cu2S-PbS, FeS-PbS系の活量 (1200℃) (id: 364)
Ni [%] (id: 11362),Ni-Fe fcc固溶体にキュリー点･初透磁率･熱膨張係数･磁わい常数･磁気異方性の変化 (id: 2236)
Ni [%] (id: 11362),Fe-Ni合金の耐酸性 (id: 2086)
Ni [%] (id: 11362),Fe-Cr-Ni合金の組織図(650℃) (id: 2080)
Cr [at%] (id: 11361),Fe-Cr合金の状態図 (id: 2079)
Ek/eV (id: 7172),Fe-Cr-Ni合金破面からのオージェ・スペクトル (id: 402)
*E*~F~/10^-19^J (id: 6293),Au（001）面上にFeを成長させたときの逆光電子分光スペクトル (id: 47)
FeAl単結晶の圧縮変形における<111>すべりより<001>すべりへの遷移温度と組成の関係(Umakoshi and Yamaguchiによる) (id: 2951),<111>すべりより<001>すべりへの遷移温度/K (id: 13600)
Si/質量% (id: 11896),Al-Fe-Si系状態図 (id: 2201)
CaO-FeO-Fe2O3 (id: 1340),mass% (id: 8812)
Fe二元系状態図 (id: 1064),温度 [℃] (id: 6595)
Fe2O3 [mol%] (id: 6574),CaO-SiO2-Fe2O3系の等粘度曲線 [10-1Pa・s] (1550℃) (id: 158)
Fe2O3 [mol%] (id: 6574),Na2O-SiO2-Fe2O3系の等粘度曲線 [10-1Pa・s] (1400℃) (id: 159)
Fe-Cr-Ni合金の沸騰42％MgCl2における破断時間 (id: 623),*t*/h (id: 6923)
Fe-Cr-Ni合金の沸騰42％MgCl2における破断時間 (id: 623),t/h (id: 6923)
Fe-Cr-Ni合金の沸騰42％MgCl2における破断時間 (id: 623),破断時間 (id: 6923)
Fe-P (id: 1065),温度 [℃] (id: 6595)
FeO-SiO2系融体の密度 (id: 150),密度 [Mg/m3] (id: 6513)
Fe-C系の偏晶反応に及ぼす合金元素の影響 (id: 420),T/K (id: 7239)
Fe-C系の偏晶反応に及ぼす合金元素の影響 (id: 420),偏晶温度 (id: 7239)
Fe-C系の偏晶反応に及ぼす合金元素の影響 (id: 420),炭素濃度[mass％] (id: 7221)
Fe-H~2~O系電位-pH図（298K、a~Fe2+~=a~Fe3+~=1） (id: 8),*E*/V (id: 5794)
Fe-H~2~O系電位-pH図（298K、a~Fe2+~=a~Fe3+~=1） (id: 8),E/V (id: 5794)
Change over time in calculated Fe~t~O content in slag during dephosphorization blowing (id: 1588),Calculated value of (mass%Fe~t~O) (id: 9687)
Change over time in calculated Fe~t~O content in slag during dephosphorization blowing (id: 1588),Calculated value of (mass%Fe~1~O) (id: 9687)
Fe-N合金単結晶の降伏応力の濃度依存性(青野らによる) (id: 2490),降伏応力,τ₀/Mpa (id: 12630)
Fe二元系状態図 (id: 1060),温度 [℃] (id: 6595)
Fe-Nb (id: 1060),温度 [℃] (id: 6595)
Mass balance of Fe in experiments (id: 2030),Fe/Input Fe (id: 11210)
Fe-C系の準安定状態図　Fe/Fe~23~C~6~平衡 (id: 412),*T*/K (id: 6255)
Fe-C系の準安定状態図　Fe/Fe~23~C~6~平衡 (id: 412),温度 (id: 6255)
Fe-C系の準安定状態図　Fe/Fe~23~C~6~平衡 (id: 412),T/K (id: 6255)
Feの膜厚/nm (id: 6298),Au（001）面上に成長させたくさび状Fe（001）超薄膜における極磁気カー楕円率（η~K~）のFe膜厚依存性（1eV=1.6×10^-19^J） (id: 48)
Feの膜厚/nm (id: 6298),Au（001）面上に成長させたくさび状Fe（001）超薄膜における極磁気カー楕円率（ηK）のFe膜厚依存性（1eV=1.6×10-19J） (id: 48)
粒界傾角,θ (id: 13352),Fe-Sn,Fe-Si合金におけるSn,Siの粒界偏析度の粒界傾角依存性 (id: 2790)
Fe-S (id: 1350),温度 [℃] (id: 6595)
Nb中のNOFeC拡散係数と,Nb中のH拡散係数の比較(J.Völkl and G.Alefeld:文献(1),p.321による) (id: 2960),拡散係数,D/m²・s⁻¹ (id: 13304)
溶融Fe-C合金の水素溶解度 (P H2=1atm) (id: 659),水素溶解度 [ppm] (id: 8063)
溶融Fe-C合金の水素溶解度 (P H2=1atm) (id: 659),C [mass%] (id: 6390)
Fe-Al (id: 1037),温度 [℃] (id: 6595)
Co-Fe溶融2元合金の表面張力 (id: 140),表面張力 [mN/m] (id: 6541)
Co [at%] (id: 6527),Co-Fe系溶融合金の密度 (id: 113)
r/nm (id: 6758),Fe-3.5mol％Cu合金におけるCu粒子半径rと分散強化量Δσの関係 (id: 233)
r/nm (id: 6758),Fe-3.5mol％Cu合金におけるCu粒子半径*r*と分散強化量Δσの関係 (id: 233)
焼もどし時間 [min] (id: 7350),Fe-Mo-Cマルテンサイトの550℃時効における硬さ変化 (id: 1864)
Fe-C系の準安定状態図　α鉄を含まないFe/Fe~3~C平衡 (id: 413),温度 (id: 6823)
Fe-C系の準安定状態図　α鉄を含まないFe/Fe~3~C平衡 (id: 413),*T*/℃ (id: 6823)
Fe-C系の準安定状態図　α鉄を含まないFe/Fe~3~C平衡 (id: 413),T/℃ (id: 6823)
Al/原子% (id: 13599),FeAl単結晶の圧縮変形における<111>すべりより<001>すべりへの遷移温度と組成の関係(Umakoshi and Yamaguchiによる) (id: 2951)
温度 [℃] (id: 6595),Fe-C-Si合金の水素溶解度 (P H2=1atm) (id: 664)
温度 [℃] (id: 6595),溶融Fe-C合金の水素溶解度 (P H2=1atm) (id: 659)
距離，z/mm (id: 12325),Fe-Si-C系の拡散対におけるC原子の拡散（Si原子の拡散は微少） (id: 2379)
Fe-Co (id: 1046),温度 [℃] (id: 6595)
Sn/質量% (id: 13336),Fe-Sn合金における粒界エネルギーγbおよびSnの粒界偏析量の母相Sn濃度依存性 (id: 2779)
CaO-FeO-SiO2系融体の表面張力 [mN/m] (1400℃) (id: 165),CaO [mass%] (id: 6566)
CaO-FeO-SiO2系融体の表面張力 [mN/m] (1400℃) (id: 165),SiO2 [mass%] (id: 6567)
CaO-FeO-SiO2系融体の表面張力 [mN/m] (1400℃) (id: 165),Cao [mass%] (id: 6566)
C [mass%] (id: 6390),侵入形固溶体の格子定数　(a)γ-Fe-C侵入形固溶体 (id: 73)
C [mass%] (id: 6390),Fe-C (a) (id: 1034)
C [mass%] (id: 6390),Fe二元系状態図 (id: 1036)
C [mass%] (id: 6390),Fe二元系状態図 (id: 1034)
C [mass%] (id: 6390),侵入形固溶体の格子定数　(b)Fe-Cマルテンサイト (id: 74)
C [mass%] (id: 6390),Fe-C (b) (id: 1036)
C [mass%] (id: 6390),Fe二元系状態図 (id: 1037)
C [mass%] (id: 6390),Fe-C系溶融合金の密度 (1600℃) (id: 122)
C [mass%] (id: 6390),Fe-Al (id: 1037)
C (id: 12187),Fe-M-C（またはN）系のI-S結合エネルギーΔε~I-M~の推定値 (id: 2319)
C (id: 7522),Fe-Cr-C3元状態図の17％Cr等濃度断面 (id: 587)
時間 (id: 6204),亜共析鋼のTTT線図およびFe-C状態図との関係 (id: 557)
時間 (id: 6204),Fe-3％ Cr-0.5％C 合金の恒温変態線図 (id: 106)
時間 (id: 6204),Fe-3％ Cr-0.5％ C合金の恒温変態線図 (id: 106)
FeO-MgO-SiO2 (id: 1343),mass% (id: 8812)
Fe-B (id: 1042),温度 [℃] (id: 6595)
反応速度(初期) (id: 12443),FeTi,_LaNi5およびMg2Ni系合金の水素貯蔵用金属材料としての諸特性の比較 (id: 2411)
Λ=2R(μm) (id: 12379),Fe多結晶の変形初期に現われるバンド領域の幅(W)と計算で求めた影響領域の直径(Λ)との関係 (id: 2394)
加工度 [%], 200℃で加工 (id: 10802),Fe-Ni合金によるオーステナイトの加工によるMs点およびマルテンサイト変態量の変化 (id: 1885)
Fe-C-Si合金の水素溶解度 (P H2=1atm) (id: 664),水素溶解度 [ppm] (id: 8063)
Fe-Sb (id: 1076),温度 [℃] (id: 6595)
Fe-Sn (id: 1079),温度 [℃] (id: 6595)
Relationship between temperature, slag basicity and FeO content in gaseous dephosphorization (id: 2037),Slag basicity (C/S) (id: 11226)
フェライトの引張強さに及ぼす固溶元素の影響()内の数字はFeとの原子半径さ(nm=10Å) (id: 2482),引張強さ/Mpa (id: 12613)
Fe-Mo (a) (id: 1057),温度 [℃] (id: 6595)
Fe (id: 962),温度 [K] (id: 6344)
Fe二元系状態図 (id: 1082),温度 [℃] (id: 6595)
Fe-Ta (id: 1080),温度 [℃] (id: 6595)
Co (id: 12183),Fe-M-C（またはN）系のI-S結合エネルギーΔε~I-M~の推定値 (id: 2319)
Nb (id: 12178),Fe-M-C（またはN）系のI-S結合エネルギーΔε~I-M~の推定値 (id: 2319)
Fe二元系状態図 (id: 1076),温度 [℃] (id: 6595)
多結晶Feの上降伏応力(a)および下降伏応力(b)に及ぼす変形速度の影響.変形温度：300K (id: 2757),上降伏応力,δuy/MPa (id: 13277)
多結晶Feの上降伏応力(a)および下降伏応力(b)に及ぼす変形速度の影響.変形温度：300K (id: 2757),下降伏応力,δly/MPa (id: 13278)
CaO-FeO-Fe2O3系のFeOおよびFe2O3の活量 [1873K] (id: 345),CaO [mol%] (id: 6563)
CaO-FeO-Fe2O3系のFeOおよびFe2O3の活量 [1873K] (id: 345),Fe2O3 [mol%] (id: 6574)
Fe二元系状態図 (id: 1077),温度 [℃] (id: 6595)
Fe-Sn合金における粒界エネルギーγbおよびSnの粒界偏析量の母相Sn濃度依存性 (id: 2779),粒界エネルギー,γb/J・m⁻² (id: 13337)
Fe-C系溶融合金の密度 (1600℃) (id: 122),密度 [Mg/m3] (id: 6513)
Ni含有量[％] (id: 7871),Fe-Cr-Ni合金の沸騰42％MgCl~2~における破断時間 (id: 623)
Ni含有量[％] (id: 7871),Fe-Cr-Ni合金の沸騰42％MgCl2における破断時間 (id: 623)
（*t*+1）/min (id: 7866),Fe-17％Cr-8％Niにおける等温マルテンサイトのTTTダイヤグラム (id: 620)
3%Si-Fe合金(50%冷間加工)の加熱温度(各1hr)と結晶粒径の関係 (id: 1851),結晶粒の大きさ [μm2] (id: 7315)
3%Si-Fe合金(50%冷間加工)の加熱温度(各1hr)と結晶粒径の関係 (id: 1851),結晶粒径 [mm] (id: 10676)
Fe-N系平衡状態図 (id: 2631),温度/K (id: 12993)
Fe-N系平衡状態図 (id: 2631),温度/℃ (id: 12441)
Fe-Cr系平衡状態図 (id: 585),T/℃ (id: 6823)
Fe-Cr系平衡状態図 (id: 585),T/K (id: 6255)
Fe-Cr系平衡状態図 (id: 585),温度 (id: 6823)
Fe-Cr系平衡状態図 (id: 585),*T*/℃ (id: 6823)
Fe-Cr系平衡状態図 (id: 585),*T*/K (id: 6255)
Fe-Cr系平衡状態図 (id: 585),温度 (id: 6255)
Fe-Ni合金における変態温度と濃度の関係 (id: 1875),温度 [℃] (id: 6595)
Fe-Cr-Ni合金の組織図(650℃) (id: 2080),Cr [%] (id: 11363)
時間 (id: 7866),Fe-17％Cr-8％Niにおける等温マルテンサイトのTTTダイヤグラム (id: 620)
炭素濃度 [wt%] (id: 11090),Fe-C系状態図 (id: 1983)
質量(可搬性) (id: 12444),FeTi,_LaNi5およびMg2Ni系合金の水素貯蔵用金属材料としての諸特性の比較 (id: 2411)
CaO-CaCl2-FetO系のFetOの活量 [1473K] (id: 355),N CaO (id: 7009)
CaO-CaCl2-FetO系のFetOの活量 [1473K] (id: 355),N FetO (id: 7007)
Fe二元系状態図 (id: 1068),温度 [℃] (id: 6595)
CaO-FeO-SiO2 (id: 1342),mass% (id: 8812)
炭素濃度[mass％] (id: 7221),Fe-C系の準安定状態図　α鉄を含まないFe/Fe~3~C平衡 (id: 413)
炭素濃度[mass％] (id: 7221),Fe-C系の準安定状態図　α鉄を含まないFe/Fe3C平衡 (id: 413)
炭素濃度[mass％] (id: 7221),Fe-C系の準安定状態図　Fe/Fe~23~C~6~平衡 (id: 412)
炭素濃度[mass％] (id: 7221),Fe-C系状態図（破線はFe/黒鉛平衡、実線はFe/Fe3C平衡） (id: 411)
炭素濃度[mass％] (id: 7221),Fe-C系状態図（破線はFe/黒鉛平衡、実線はFe/Fe~3~C平衡） (id: 411)
炭素濃度[mass％] (id: 7221),Fe-C系の準安定状態図　Fe/Fe23C6平衡 (id: 412)
CaO-CaF2-FetO系のCaOの活性 [1673K] (id: 352),α CaO (id: 7004)
FeO-CaO-SiO2, FeO-CaO-Fe2O3系の密度 (1400℃)) (id: 151),CaO [mol%] (id: 6563)
FeO-CaO-SiO2, FeO-CaO-Fe2O3系の密度 (1400℃)) (id: 151),SiO2, Fe2O3 [mol%] (id: 6564)
Fe二元系状態図 (id: 1046),温度 [℃] (id: 6595)
T/K (id: 7255),種々の熱処理をしたFeの温度依存性 (id: 534)
溶銑脱りん吹錬中の計算スラグFe~t~O濃度の推移 (id: 1588),Calculated value of (mass%Fe~t~O) (id: 9687)
溶銑脱りん吹錬中の計算スラグFe~t~O濃度の推移 (id: 1588),Calculated value of (mass%Fe~1~O) (id: 9687)
Fe-C (a) (id: 1034),温度 [℃] (id: 6595)
Fe-Au (id: 1041),温度 [℃] (id: 6595)
Fe-Mn (id: 1056),温度 [℃] (id: 6595)
Al-Fe-Si系状態図 (id: 2201),Fe/質量% (id: 11895)
Au（001）面上に成長させたくさび状Fe（001）超薄膜における極磁気カー楕円率（η~K~）のFe膜厚依存性（1eV=1.6×10^-19^J） (id: 48),磁気光学楕円率/mmin (id: 6297)
Fe-W (id: 1085),温度 [℃] (id: 6595)
Co-Fe系溶融合金の密度 (id: 113),密度 [Mg/m3] (id: 6513)
Fe-3％ Cr-0.5％ C合金の恒温変態線図 (id: 106),*T*/K (id: 6255)
Fe-3％ Cr-0.5％ C合金の恒温変態線図 (id: 106),温度 (id: 6255)
Fe-3％ Cr-0.5％ C合金の恒温変態線図 (id: 106),T/K (id: 6255)
T/K (id: 6521),Fe-C合金におけるパーライト・ラメラ間隔λと変態温度の関係 (id: 104)
切削距離/km (id: 8825),旋盤によるFe-Ni-Cu-Mo-C材の被削性試験結果 (id: 1061)
Percentage of oxygen blown in dephosphorization treatment (%) (id: 9684),溶銑脱りん吹錬中の計算スラグFe~t~O濃度の推移 (id: 1588)
Percentage of oxygen blown in dephosphorization treatment (%) (id: 9684),Change over time in calculated Fe~t~O content in slag during dephosphorization blowing (id: 1588)
Si/原子% (id: 12629),Fe-Si合金単結晶の降伏応力の濃度依存性(青野らによる) (id: 2486)
Fe-Si-C系の拡散対におけるC原子の拡散（Si原子の拡散は微少） (id: 2379),炭素濃度（mass%） (id: 12326)
Calculation of (mass%Fe~t~O) after dephosphorization (id: 9700),処理後スラグ中FeO濃度比較 (id: 1591)
Fe-O (id: 1064),温度 [℃] (id: 6595)
77Kで中性子照射したFe単結晶の内部摩擦 (id: 816),Q-1（×10-3） (id: 8586)
77Kで中性子照射したFe単結晶の内部摩擦 (id: 816),*Q*^-1^（×10^-3^） (id: 8586)
N/質量% (id: 12991),Fe-N系平衡状態図 (id: 2631)
溶質原子の固溶限（分率） (id: 12270),Fe-X系の粒界偏析係数（固溶限が小さい元素ほど粒界偏析係数が大きい） (id: 2351)
Fe-H~2~O系の電位-pH図と腐食図 (id: 1000),E/V（SHE） (id: 8684)
Fe-H~2~O系の電位-pH図と腐食図 (id: 1000),電位 (id: 8684)
Fe-H~2~O系の電位-pH図と腐食図 (id: 1000),*E*/V（SHE） (id: 8684)
実機転炉出鋼[C]とスラグ（T.Fe）の関係 (id: 1605),(%T.Fe) (id: 9727)
Fe-20%Ni合金の延性に及ぼす試験温度およびひずみ速度の影響.試験前1573Kに60s保持(鈴木洋夫,西村哲,今村淳,中村泰:鉄と鋼,67(1981),1180) (id: 3034),断面減少率/% (id: 13667)
普通添加元素　(ⅱ)FeとTiは600℃, その他は500℃で30min焼なましを行ったときの再結晶粒度 (id: 480),再結晶粒数 [10 4m-2] (id: 7342)
Cu2O-SiO2, FeO-MgO (id: 1329),温度 [℃] (id: 6595)
Cr濃度[mass％] (id: 7566),Fe-Cr系平衡状態図 (id: 585)
Cr濃度[mass％] (id: 7566),Fe-Cr合金のγループに及ぼす（C+N）の影響 (id: 586)
C [wt%] (id: 10772),Fe-C合金における変態温度と濃度の関係 (id: 1877)
*t* (id: 6204),亜共析鋼のTTT線図およびFe-C状態図との関係 (id: 557)
*t* (id: 6204),Fe-3％ Cr-0.5％C 合金の恒温変態線図 (id: 106)
*t* (id: 6204),Fe-3％ Cr-0.5％ C合金の恒温変態線図 (id: 106)
Fe-Cr合金のアノード分極曲線 (id: 709),i [A・m-2] (id: 8238)
Fe-3.5mol％Cu合金におけるCu粒子半径rと分散強化量Δσの関係 (id: 233),Δσ/GPa (id: 6757)
Fe-Ni合金によるオーステナイトの加工によるMs点およびマルテンサイト変態量の変化 (id: 1885),マルテンサイト量 [%] (id: 10795)
Fe-Ni合金によるオーステナイトの加工によるMs点およびマルテンサイト変態量の変化 (id: 1885),Ms点 [℃] (id: 10798)
X Ni (id: 6544),Fe-Ni溶融2元合金の表面張力 (id: 134)
温度，*T (id: 12105),bccFeの磁気変態に伴う熱容量，エンタルピー，自由エネルギーの変化 (id: 2293)
温度，*T (id: 12105),γFe-侵入型(I)-置換型(S)の固溶体におけるI-S結合 (id: 2315)
Fe二元系状態図 (id: 1042),温度 [℃] (id: 6595)
Fe~3~C/M~23~C~6~炭化物回折線強度比[％] (id: 6986),Fe~3~C/M~23~C~6~炭化物回折線強度比による水素浸食損傷の評価 (id: 331)
Fe~3~C/M~23~C~6~炭化物回折線強度比[％] (id: 6986),Fe3C/M23C6炭化物回折線強度比による水素浸食損傷の評価 (id: 331)
