Pb二元系状態図 (id : 1281),温度 (id : 6595)
Pb（Mg~1/3~Nb~2/3~）O~3~（PMN）の各周波数における誘電率とtanδの温度特性 (id : 789),ε' (id : 8474)
Pb (id : 11092),Bi-Pb合金の粘性と状態図の関係 (id : 1988)
Pb  (id : 6515),Ag-Pb系溶融合金の密度 (id : 108)
The Pb-Sn phase diagram: solidification of a dilute alloy A. (id : 3465),Temperature (id : 13534)
Partial phase diagram for the Pb-Sn system, (id : 3438),Temperature (id : 13534)
The Pb-Sn phase diagram: solidification of a dilute alloy A and an off-eutectic alloy c. (id : 3466),Temperature (id : 13534)
Sn (id : 6539),Pb-Sn系の400℃での粘度 (id : 131)
Pb二元系状態図 (id : 1277),温度 (id : 6595)
PbO-SiO_2系のSiO_2とPbOの活量およびZnO-SiO_2系のSiO_2とZnOの活量 (id : 334),αi (id : 6639)
Pb二元系状態図 (id : 1278),温度 (id : 6595)
N_PbS (id : 7028),Cu_2S-PbS, FeS-PbS系の活量 (1200℃) (id : 364)
pH (id : 8216),Pb-H2O系 (id : 705)
Pb二元系状態図 (id : 1290),温度 (id : 6595)
Pb二元系状態図 (id : 1275),温度 (id : 6595)
at% (id : 7379),Pb二元系状態図 (id : 1281)
at% (id : 7379),Pb二元系状態図 (id : 1286)
at% (id : 7379),Pb二元系状態図 (id : 1270)
at% (id : 7379),Pb二元系状態図 (id : 1277)
at% (id : 7379),Pb二元系状態図 (id : 1272)
at% (id : 7379),Pb二元系状態図 (id : 1273)
at% (id : 7379),Pb二元系状態図 (id : 1274)
at% (id : 7379),Pb二元系状態図 (id : 1290)
at% (id : 7379),Pb二元系状態図 (id : 1275)
at% (id : 7379),Pb二元系状態図 (id : 1289)
at% (id : 7379),Pb二元系状態図 (id : 1291)
at% (id : 7379),Pb二元系状態図 (id : 1278)
at% (id : 7379),Pb二元系状態図 (id : 1276)
at% (id : 7379),Pb二元系状態図 (id : 1284)
at% (id : 7379),Pb二元系状態図 (id : 1268)
at% (id : 7379),Pb二元系状態図 (id : 1282)
at% (id : 7379),Pb二元系状態図 (id : 1269)
at% (id : 7379),Pb二元系状態図 (id : 1285)
at% (id : 7379),Pb二元系状態図 (id : 1283)
at% (id : 7379),Pb二元系状態図 (id : 1288)
at% (id : 7379),Pb二元系状態図 (id : 1271)
at% (id : 7379),Pb二元系状態図 (id : 1279)
at% (id : 7379),Pb二元系状態図 (id : 1267)
at% (id : 7379),Pb二元系状態図 (id : 1266)
at% (id : 7379),Pb二元系状態図 (id : 1280)
at% (id : 7379),Pb二元系状態図 (id : 1287)
Pb二元系状態図 (id : 1291),温度 (id : 6595)
Pb-Sn系の400℃での粘度 (id : 131),粘度 (id : 6535)
Bi-Pb合金の粘性と状態図の関係 (id : 1988),粘性係数 (id : 11097)
Bi-Pb合金の粘性と状態図の関係 (id : 1988),温度 (id : 6595)
Pb二元系状態図 (id : 1276),温度 (id : 6595)
Pb二元系状態図 (id : 1286),温度 (id : 6595)
Pb-Sb合金の状態図と流動長の関係 (id : 1993),温度 (id : 6595)
Pb-Sb合金の状態図と流動長の関係 (id : 1993),流動長 (id : 11098)
Pb二元系状態図 (id : 1274),温度 (id : 6595)
Pb二元系状態図 (id : 1268),温度 (id : 6595)
Pb二元系状態図 (id : 1270),温度 (id : 6595)
The completed phase diagram for the Pb-Sn system, (id : 3439),Temperature (id : 13534)
固相成長速度 (id : 14779),Pb-Sn共晶合金の過冷却度ΔTと固相成長速度Vとの関係 (id : 3412)
Pb二元系状態図 (id : 1288),温度 (id : 6595)
4%Alのダイカスト合金の長さ変化に及ぼすPb量の影響 (id : 2245),長さ変化/ (id : 12004)
Pb二元系状態図 (id : 1282),温度 (id : 6595)
Pb二元系状態図 (id : 1279),温度 (id : 6595)
Sn (id : 10672),Pbの300℃における粒界移動速度 (id : 1850)
Pb二元系状態図 (id : 1267),温度 (id : 6595)
Pb二元系状態図 (id : 1287),温度 (id : 6595)
Sn (id : 14417),Pb-Sn diagram (id : 3446)
Sn (id : 14417),Phase diagram for the Pb-Sn system, the lever rule for finding the weight factions (id : 3443)
Sn (id : 14417),Pb-Sn phase diagram (id : 3442)
Sn (id : 14417),Partial phase diagram for the Pb-Sn system, (id : 3438)
Sn (id : 14417),The Pb-Sn phase diagram: solidification of a dilute alloy A. (id : 3465)
Sn (id : 14417),The completed phase diagram for the Pb-Sn system, (id : 3439)
Sn (id : 14417),The Pb-Sn phase diagram: solidification of a dilute alloy A and an off-eutectic alloy c. (id : 3466)
Sn (id : 14417),Phase diagram for the binary Pb-Sn system (id : 3323)
Sn (id : 14417),Phase diagram for the Pb-Sn system, illustrating constitution points in single and two-phase fields, (id : 3441)
Pb-Sn phase diagram (id : 3442),Temperature (id : 13534)
温度 (id : 6255),Pb（Mg~1/3~Nb~2/3~）O~3~（PMN）の各周波数における誘電率とtanδの温度特性 (id : 789)
mass% (id : 8812),Pb二元系状態図 (id : 1281)
mass% (id : 8812),Pb二元系状態図 (id : 1286)
mass% (id : 8812),Pb二元系状態図 (id : 1270)
mass% (id : 8812),Pb二元系状態図 (id : 1277)
mass% (id : 8812),Pb二元系状態図 (id : 1272)
mass% (id : 8812),Pb二元系状態図 (id : 1273)
mass% (id : 8812),Pb二元系状態図 (id : 1274)
mass% (id : 8812),Pb二元系状態図 (id : 1290)
mass% (id : 8812),Pb二元系状態図 (id : 1275)
mass% (id : 8812),Pb二元系状態図 (id : 1289)
mass% (id : 8812),Pb二元系状態図 (id : 1291)
mass% (id : 8812),Pb二元系状態図 (id : 1278)
mass% (id : 8812),Pb二元系状態図 (id : 1276)
mass% (id : 8812),Pb二元系状態図 (id : 1284)
mass% (id : 8812),Pb二元系状態図 (id : 1268)
mass% (id : 8812),Pb二元系状態図 (id : 1282)
mass% (id : 8812),Pb二元系状態図 (id : 1269)
mass% (id : 8812),Pb二元系状態図 (id : 1285)
mass% (id : 8812),Pb二元系状態図 (id : 1283)
mass% (id : 8812),Pb二元系状態図 (id : 1288)
mass% (id : 8812),Pb二元系状態図 (id : 1271)
mass% (id : 8812),Pb二元系状態図 (id : 1279)
mass% (id : 8812),Pb二元系状態図 (id : 1267)
mass% (id : 8812),Pb二元系状態図 (id : 1266)
mass% (id : 8812),Pb二元系状態図 (id : 1280)
mass% (id : 8812),Pb二元系状態図 (id : 1287)
Pbの300℃における粒界移動速度 (id : 1850),粒界移動速度 (id : 10666)
Pb-Sn diagram (id : 3446),Temperature (id : 13534)
Pb-H2O系 (id : 705),E [V] (id : 8217)
Pb-Sn共晶合金の過冷却度ΔTと固相成長速度Vとの関係 (id : 3412),過冷却度 (id : 14780)
Pb二元系状態図 (id : 1266),温度 (id : 6595)
Phase diagram for the binary Pb-Sn system (id : 3323),Temperature (id : 13534)
Sb (id : 11093),Pb-Sb合金の状態図と流動長の関係 (id : 1993)
Ag-Pb系溶融合金の密度 (id : 108),密度 (id : 6513)
Pb二元系状態図 (id : 1272),温度 (id : 6595)
Cu_2S-PbS, FeS-PbS系の活量 (1200℃) (id : 364),α (id : 7021)
Pb二元系状態図 (id : 1269),温度 (id : 6595)
Pb二元系状態図 (id : 1285),温度 (id : 6595)
NX (id : 6620),Pb-X系 (id : 193)
Pb-X系 (id : 193),α Pb, α X (id : 6632)
Pb二元系状態図 (id : 1283),温度 (id : 6595)
Pb二元系状態図 (id : 1271),温度 (id : 6595)
Phase diagram for the Pb-Sn system, the lever rule for finding the weight factions (id : 3443),Temperature (id : 13534)
SiO_2 (id : 6567),PbO-SiO_2系のSiO_2とPbOの活量およびZnO-SiO_2系のSiO_2とZnOの活量 (id : 334)
Pb二元系状態図 (id : 1273),温度 (id : 6595)
Pb二元系状態図 (id : 1284),温度 (id : 6595)
Pb二元系状態図 (id : 1289),温度 (id : 6595)
Pb二元系状態図 (id : 1280),温度 (id : 6595)
Phase diagram for the Pb-Sn system, illustrating constitution points in single and two-phase fields, (id : 3441),Temperature (id : 13534)
時間 (id : 7395),4%Alのダイカスト合金の長さ変化に及ぼすPb量の影響 (id : 2245)
