温度 (id : 6595),溶融Fe-C合金の水素溶解度 (P H2=1atm) (id : 659)
温度 (id : 6595),Fe-C-Si合金の水素溶解度 (P H2=1atm) (id : 664)
高温におけるFeとFe酸化物層における反応過程 (id : 3593),Fe=Fe^{2+}+2e (id : 15146)
高温におけるFeとFe酸化物層における反応過程 (id : 3593),酸化鉄(III) (id : 15139)
高温におけるFeとFe酸化物層における反応過程 (id : 3593),FeO (id : 15137)
高温におけるFeとFe酸化物層における反応過程 (id : 3593),Fe^{2+}$イオン (id : 15141)
高温におけるFeとFe酸化物層における反応過程 (id : 3593),四酸化三鉄 (id : 15138)
高温におけるFeとFe酸化物層における反応過程 (id : 3593),O^{2-}$イオン (id : 15144)
高温におけるFeとFe酸化物層における反応過程 (id : 3593),$\frac{1}{2}$O_2$+2e=O^{2-} (id : 15145)
高温におけるFeとFe酸化物層における反応過程 (id : 3593),2Fe^{3+}$+3O^{2-}$=Fe_2$O_3 (id : 15148)
高温におけるFeとFe酸化物層における反応過程 (id : 3593),Fe^{2+}$+2e+Fe_3$O_4$=4FeO (id : 15147)
高温におけるFeとFe酸化物層における反応過程 (id : 3593),Fe^{2+}$+2e+4Fe_2$O_3$=4Fe_3$O_4 (id : 15149)
高温におけるFeとFe酸化物層における反応過程 (id : 3593),酸素 (id : 15140)
高温におけるFeとFe酸化物層における反応過程 (id : 3593),2Fe^{3+}$+6e+$\frac{3}{2}$O_2$=Fe_2$O_3 (id : 15143)
高温におけるFeとFe酸化物層における反応過程 (id : 3593),Fe^{3+}$イオン (id : 15142)
温度 (id : 13795),Ni量の異なるFe-Ni合金を,種々の温度で試験したときのシャルピー吸収エネルギーの変化 (id : 3089)
Fe含有量 (id : 12474),Ce-Fe系状態図 (id : 2422)
Fe-Cr合金の8年間大気暴露結果に対するCr量の影響 (id : 2194),平均侵食深さ (id : 11844)
Fe-C系状態図(その1) (id : 3205),温度 (id : 13924)
Ni-Fe fcc固溶体にキュリー点･初透磁率･熱膨張係数･磁わい常数･磁気異方性の変化 (id : 2236),初透磁率 (id : 11984)
Ni-Fe fcc固溶体にキュリー点･初透磁率･熱膨張係数･磁わい常数･磁気異方性の変化 (id : 2236),磁歪常数 (id : 11986)
Ni-Fe fcc固溶体にキュリー点･初透磁率･熱膨張係数･磁わい常数･磁気異方性の変化 (id : 2236),結晶磁気異方性 (id : 11982)
Ni-Fe fcc固溶体にキュリー点･初透磁率･熱膨張係数･磁わい常数･磁気異方性の変化 (id : 2236),キューリ点 (id : 11983)
Ni-Fe fcc固溶体にキュリー点･初透磁率･熱膨張係数･磁わい常数･磁気異方性の変化 (id : 2236),熱膨張係数 (id : 11985)
日数 (id : 13699),種々の濃度のNaCl水溶液中におけるSUS410J1のS-N曲線 (id : 3017)
Ar-O_{2}$雰囲気におけるFe-Mn溶接金属の酸素量とMn量との関係 (id : 1531),溶接金属の酸素量 (id : 9503)
C量 (id : 11721),Fe-C系平衡状態図(実線:Fe-Fe_{3}$C系,点線:Fe-黒鉛系) (id : 2146)
C量 (id : 11721),Fe-Fe_{3}C系平衡状態図の説明および室温での標準組織構成図 (id : 2148)
C量 (id : 11721),Fe-C合金の常温における残留オーステナイト量と炭素量の関係 (id : 2219)
C量 (id : 11721),Fe-C合金のM_{s}$点およびマルテンサイトの形態に及ぼす炭素量の影響 (id : 2218)
時間 (id : 15595),Fe-3%Cr-0.5%C合金の恒温変態線図 (id : 106)
Fe-Mo-Cマルテンサイトの550℃時効における硬さ変化 (id : 1864),硬さ (id : 9225)
Fe二元系状態図 (id : 1060),温度 (id : 6595)
\gamma$Fe中のSの固溶限に及ぼすMnの影響 (id : 2122),温度 (id : 11071)
\gamma$Fe中のSの固溶限に及ぼすMnの影響 (id : 2122),温度 (id : 11069)
pH (id : 13707),HCl-NaCl-NaOH水溶液(大気開放)のpHと疲労寿命との関係 (id : 3025)
α-Feの格子定数に及ぼす置換型溶質原子の影響 (id : 3555),格子定数の変化量 (id : 14434)
工作物速度 (id : 15561),\alpha$Fe,Fe_3$C相の応力と巨視的残留応力 (id : 1838)
温度 (id : 14313),Fe-Cr合金の時効温度にともなう硬さ変化,シグマ脆性と475℃脆性に対応する硬さ上昇が見られる (id : 3542)
温度 (id : 14313),Fe-C-O系平衡状態図 (id : 3531)
周期表・族番号 (id : 12162),Fe-X系の相互固溶度と原子半径差との関連 (id : 2321)
周期表・族番号 (id : 12162),Al-X系とFe-X系の液相におけるΩの推定値 (id : 2308)
CaO-CaF_2-Fe_tO系のFe_tOの活性 [1673K] (id : 353),α Fe_tO (id : 7005)
C (id : 13923),Fe-C系状態図(その1) (id : 3205)
Fe~83~B~17~アルモファス合金の熱膨張曲線およびヤング率の温度依存性 (id : 993),ヤング率 (id : 6863)
Fe~83~B~17~アルモファス合金の熱膨張曲線およびヤング率の温度依存性 (id : 993),熱膨張率 (id : 8661)
Cr含有量 [mass%] (id : 8280),Fe-Cr合金およびNi-Cr合金の超臨界水溶液中での耐食性 (id : 736)
Fe-Cr-C3元状態図の17％Cr等濃度断面 (id : 587),温度 (id : 6823)
Fe-Cr-C3元状態図の17％Cr等濃度断面 (id : 587),温度 (id : 6255)
Fe二元系状態図 (id : 1046),温度 (id : 6595)
Fe二元系状態図 (id : 1037),温度 (id : 6595)
α鉄を含まないFe/Fe<sub>3</sub>C平衡 (id : 413),温度 (id : 6823)
α-Feの弾性定数に及ぼす合金元素の影響(a)ヤング率(b)剛性率 (id : 3388),ヤング率 (id : 14416)
α-Feの弾性定数に及ぼす合金元素の影響(a)ヤング率(b)剛性率 (id : 3388),剛性率 (id : 14412)
α-Feの弾性定数に及ぼす合金元素の影響(a)ヤング率(b)剛性率 (id : 3388),剛性率 (id : 14415)
α-Feの弾性定数に及ぼす合金元素の影響(a)ヤング率(b)剛性率 (id : 3388),ヤング率 (id : 14414)
距離 (id : 7126),2相ステンレス鋼（Fe-22 Cr-10 Ni）表面に形成した不動態皮膜および過不動皮膜の結晶粒毎の膜厚分布 (id : 1023)
Fe二元系状態図 (id : 1077),温度 (id : 6595)
Fe二元系状態図 (id : 1039),温度 (id : 6595)
Fe-Cr合金の耐食性 (id : 2085),溶解減量 (id : 11425)
γ⁻¹/10⁻³K⁻¹ (id : 13303),Nb中のNとO,Fe中のCの拡散係数と,Nb中のHの拡散係数の比較(J.Völkl and G.Alefeld:文献(1),p.321による) (id : 2960)
γ⁻¹/10⁻³K⁻¹ (id : 13303),α-Fe中のHの拡散データ.異なる記号はそれぞれ別の研究者による実験に対応している(J.Völkl and G.Alefeld:文献(1),p.321) (id : 2764)
モルのαFeがγFeに等温変態するときのGibbs自由エネルギの変化 (id : 3370),温度 (id : 14439)
Fe (id : 6547),Co-Fe溶融2元合金の表面張力 (id : 140)
Cr  (id : 6542),Fe-CrおよびFe-Ni2元状態図 (id : 387)
Cr (id : 11363),Fe-Cr合金の耐食性 (id : 2085)
Cr (id : 11363),Fe-Cr-Ni系合金の組織図 (id : 2087)
Fe-C系の拡散係数 (id : 2480),拡散係数，*D (id : 12312)
Fe-W-Cr-C系の状態図,18%W-4%Crにおける切断図 (id : 2161),温度 (id : 11071)
Fe-W-Cr-C系の状態図,18%W-4%Crにおける切断図 (id : 2161),温度 (id : 11069)
真のひずみ (id : 10800),Fe-Cr-Ni合金によるオーステナイトの加工によるマルテンサイト変態量の変化 (id : 1884)
多結晶Feの上降伏応力(a)および下降伏応力(b)に及ぼす変形速度の影響.変形温度：300K (id : 2757),上降伏応力 (id : 13277)
多結晶Feの上降伏応力(a)および下降伏応力(b)に及ぼす変形速度の影響.変形温度：300K (id : 2757),下降伏応力 (id : 13278)
γFe-C系侵入型固溶体（オーステナイト）の自由エネルギー (id : 2309),自由エネルギー，*G*~γ~/kJ・mol^-1^ (id : 12165)
Fe二元系状態図 (id : 1083),温度 (id : 6595)
Fe-Cr合金のアノード分極曲線 (id : 709),i [A・m-2] (id : 8238)
Relationship between temperature, slag basicity and FeO content in gaseous dephosphorization (id : 2037),Slag basicity (C/S) (id : 11226)
HCl-NaCl-NaOH水溶液(大気開放)のpHと疲労寿命との関係 (id : 3025),破断繰返し数 (id : 12726)
Fe-Sn合金における粒界エネルギーγbおよびSnの粒界偏析量の母相Sn濃度依存性 (id : 2779),粒界エネルギー (id : 13337)
Fe二元系状態図 (id : 1054),温度 (id : 6595)
1kmol・m-3NaCl を含む50℃の水溶液中におけるSUS304ステンレス鋼のCDC地図 (id : 730),電位 [V vs. NHE] (id : 8268)
Au(001)面上に成長させたくさび状Fe(001)超薄膜における極磁気カー楕円率(η~K~)のFe膜厚依存性(1eV=1.6×10^-19^J) (id : 48),磁気光学楕円率 (id : 6297)
Ni-Fe-Al 3元系における1023Kの切断図 (id : 2240),Ni含有量 (id : 11842)
Ni-Fe-Al 3元系における1023Kの切断図 (id : 2240),Ni含有量 (id : 11994)
Fe-C合金の常温における残留オーステナイト量と炭素量の関係 (id : 2219),残留オーステナイト量 (id : 11928)
Sn/質量% (id : 13336),Fe-Sn合金における粒界エネルギーγbおよびSnの粒界偏析量の母相Sn濃度依存性 (id : 2779)
Fe二元系状態図 (id : 1074),温度 (id : 6595)
FeO-SiO_2系のSiO_2とFeOの活量 (id : 333),αi (id : 6639)
Fe-C 3元系溶融合金の密度 (1600℃) (id : 121),密度 (id : 6513)
Fe-C系のパーライト変態のメカニズムと,エネルギー消費の内訳 (id : 2510),変態温度,*T/K (id : 12714)
Cr (id : 11361),Fe-Cr合金の状態図 (id : 2079)
Ni [mass%] (id : 7116),Fe-CrおよびFe-Ni2元状態図 (id : 387)
溶接金属のSi量 (id : 9501),Ar-O_{2}$雰囲気におけるFe-Si溶接金属の酸素量とSi量との関係 (id : 1530)
Ni (id : 6530),Ni-Fe系溶融合金の密度 (1550℃) (id : 119)
Fe-30mass%Ni合金とAu-47.5mol%Cd合金の電気抵抗-温度曲線 (id : 198),抵抗比 (id : 6647)
合金元素 (id : 6531),Fe-C 3元系溶融合金の密度 (1600℃) (id : 121)
研削方向の応力 (id : 10629),\alpha$Fe,Fe_3$C相の応力と巨視的残留応力 (id : 1838)
NX (id : 6620),Fe-X系 (id : 187)
溶融Fe中各種元素の相互拡散係数 (id : 80),D (id : 6460)
Fe二元系状態図 (id : 1080),温度 (id : 6595)
Fe-H2O系 (id : 696),E [V] (id : 8217)
距離，z/mm (id : 12325),Fe-Si-C系の拡散対におけるC原子の拡散（Si原子の拡散は微少） (id : 2379)
温度 (id : 12622),Fe-Si合金の単結晶の降伏応力の温度依存性(青野らによる) (id : 2487)
Ni量の異なるFe-Ni合金を,種々の温度で試験したときのシャルピー吸収エネルギーの変化 (id : 3537),シャルピー吸収エネルギー (id : 15205)
破断繰返し数 (id : 12864),種々の濃度のNaCl水溶液中におけるSUS410J1のS-N曲線 (id : 3017)
時間 (id : 6204),Fe-3％ Cr-0.5％ C合金の恒温変態線図 (id : 106)
時間 (id : 6204),亜共析鋼のTTT線図およびFe-C状態図との関係 (id : 557)
Fe二元系状態図 (id : 1069),温度 (id : 6595)
P (id : 11684),Fe側Fe-P系状態図 (id : 2125)
Fe二元系状態図 (id : 1086),温度 (id : 6595)
Fe二元系状態図 (id : 1053),温度 (id : 6595)
等温保持時間 (id : 10770),Fe-Ni-Mn合金の等温アルテンサイト変態 (id : 1874)
炭素量 [mass%] (id : 8042),Fe-C系状態図 (id : 1983)
Inputs of stainless steel in Japan (Ferritic) (id : 2006),Input of Ferritic Stainless Steel (kt) (id : 11118)
Fe-3%Cr-0.5%C合金の恒温変態線図 (id : 106),温度 (id : 6255)
Fe-C合金の残留オーステナイト量と炭素量の関係 (id : 571),残留オーステナイト量 (id : 7505)
FeO-SiO_2系融体の粘度 (id : 155),粘度  (id : 6571)
Fe-Ni系の粘度 (id : 129),粘度 (id : 6535)
Fe-C合金における変態温度と濃度の関係 (id : 1877),温度 (id : 6595)
Fe-Si合金の単結晶の降伏応力の温度依存性(青野らによる) (id : 2487),降伏応力 (id : 12630)
NaCl型の侵入型化合物 (id : 3401),炭化物 (id : 14724)
NaCl型の侵入型化合物 (id : 3401),水素化合物 (id : 14726)
NaCl型の侵入型化合物 (id : 3401),窒化物 (id : 14727)
Fe-24.9mass%Ni-3.9mass%Mn合金(等温)における母相とマルテンサイト相のギブス自由エネルギー差と温度の関係 (id : 201),自由エネルギー差 (id : 6651)
Fe-C系のパーライトと通常の共晶・共析のλとυの対比 (id : 2478),成長速度,υ (id : 12600)
Fe二元系状態図 (id : 1063),温度 (id : 6595)
E (SCE) [V] (id : 8237),塩酸中におけるFe-Cr合金のアノード分極曲線 (id : 711)
E (SCE) [V] (id : 8237),Fe-Cr合金のアノード分極曲線 (id : 709)
E (SCE) [V] (id : 8237),Fe-Ni合金のアノード分極曲線 (id : 710)
塩酸中におけるFe-Cr合金のアノード分極曲線 (id : 711),i [A・m-2] (id : 8238)
Si/原子% (id : 12629),Fe-Si合金単結晶の降伏応力の濃度依存性(青野らによる) (id : 2486)
CaO-CaCl_2-Fe_tO系のCaOの活量 [1473K] (id : 354),α CaO (id : 7004)
Co (id : 6527),Co-Fe系溶融合金の密度 (id : 113)
NaCl水溶液中におけるSUS304ステンレス鋼のき裂進展速度とΔKの関係(R=0.1) (id : 2998),き裂進展速度 (id : 13460)
溶銑脱りん吹錬中の計算スラグFe~t~O濃度の推移 (id : 1588),Calculated value of (mass%Fe~t~O) (id : 9687)
Fe多結晶の変形初期に現われるバンド領域の幅(W)と計算で求めた影響領域の直径(Λ)との関係 (id : 2394),W(μm) (id : 12373)
Fe多結晶の変形初期に現われるバンド領域の幅(W)と計算で求めた影響領域の直径(Λ)との関係 (id : 2394),結晶粒度(μm) (id : 12378)
Fe多結晶の変形初期に現われるバンド領域の幅(W)と計算で求めた影響領域の直径(Λ)との関係 (id : 2394),Λ=2R(μm) (id : 12379)
α-Feにおける溶質原子の寸法不整合度と単位濃度当たりの固溶強化の大きさの関係 (id : 3347),単位濃度当たりの固溶強化量 (id : 14475)
α-Feにおける溶質原子の寸法不整合度と単位濃度当たりの固溶強化の大きさの関係 (id : 3347),単位濃度当たりの固溶強化量 (id : 14478)
3%および3.5%NaCl水溶液中のフエライト系鋼のき裂進展曲線と繰返し速度との関係 (id : 3053),き裂進展速度 (id : 13460)
[110]に関する回転角 (id : 14499),3.3%Si-Fe合金の結晶粒界エネルギEとθとの関係 (id : 3355)
Temperature (K) (id : 11200),Mass balance of Fe in experiments (id : 2030)
Temperature (K) (id : 11200),Relationship between temperature, slag basicity and FeO content in gaseous dephosphorization (id : 2037)
変態温度 (id : 6521),Fe-C合金におけるパーライト・ラメラ間隔λと変態温度の関係 (id : 104)
Fe-Cr系状態図(約1100℃(1400K)以下)(O.Kubaschewski) (id : 2695),温度 (id : 12993)
Fe-Cr系状態図(約1100℃(1400K)以下)(O.Kubaschewski) (id : 2695),温度 (id : 12441)
Fe二元系状態図 (id : 1036),温度 (id : 6595)
S (id : 11675),Fe側Fe-S系状態図 (id : 2117)
S (id : 11675),\gamma$Fe中のSの固溶限に及ぼすMnの影響 (id : 2122)
フェルミ面からのエネルギー (id : 6293),Au(001)面上にFeを成長させたときの逆光電子分光スペクトル (id : 47)
温度 (id : 5792),Fe-30mass%Ni合金とAu-47.5mol%Cd合金の電気抵抗-温度曲線 (id : 198)
添加酸化物 (id : 6579),溶融2元FeO系の表面張力 (1400℃) (id : 164)
溶接金属のMn量 (id : 9502),Ar-O_{2}$雰囲気におけるFe-Mn溶接金属の酸素量とMn量との関係 (id : 1531)
Cu_2S-ZnS, FeS-ZnS系の活量 (1200℃) (id : 365),α (id : 7021)
C (id : 14442),The Fe-C phase diagram for compositions of carbon steels below 1000℃, (id : 3467)
C (id : 14442),Phase diagram for part of the binary Fe-C system (id : 3329)
C (id : 14442),Fe-C phase diagram (id : 3453)
γFe-侵入型(I)-置換型(S)の固溶体におけるI-S結合 (id : 2315),*f*^S^~I~ (id : 12171)
Fe-Mn-Co合金における等時間時効による電気抵抗の変化 (id : 1870),電気抵抗変化 (id : 10762)
Fe二元系状態図 (id : 1068),温度 (id : 6595)
Al (id : 13599),FeAl単結晶の圧縮変形における<111>すべりより<001>すべりへの遷移温度と組成の関係(Umakoshi and Yamaguchiによる) (id : 2951)
原子番号 (id : 6332),溶融Fe中各種元素の相互拡散係数 (id : 80)
運動エネルギー (id : 7175),Fe-Cr-Ni合金破面からのオージェ・スペクトル (id : 402)
FeO (id : 6577),CaO-FeO-SiO_2系融体の表面張力 (1400℃) (id : 165)
FeO (id : 6577),MnO-FeO-SiO_2系融体の表面張力 (1400℃) (id : 166)
FeO (id : 6577),Cao-FeO系のFeOとCaOの活量 [1873K] (id : 337)
時間 (id : 7866),Fe-17％Cr-8％Niにおける等温マルテンサイトのTTTダイヤグラム (id : 620)
χ (id : 13551),Fe-4.4原子%Si単結晶のψ(χ)曲線,とτ₀(χ)曲線(竹内らによる) (id : 2922)
Fe-CrおよびFe-Ni2元状態図 (id : 387),温度 (id : 6344)
Fe-CrおよびFe-Ni2元状態図 (id : 387),温度 (id : 6595)
N_ZnS (id : 7029),Cu_2S-ZnS, FeS-ZnS系の活量 (1200℃) (id : 365)
Ni (id : 10771),Fe-Ni合金における変態温度と濃度の関係 (id : 1875)
Mn (id : 10773),Fe-Mn合金における変態温度と濃度の関係 (id : 1878)
Ce-Fe系状態図 (id : 2422),温度 (id : 12450)
溶質 (id : 14410),α-Feの弾性定数に及ぼす合金元素の影響(a)ヤング率(b)剛性率 (id : 3388)
亜共析鋼のTTT線図およびFe-C状態図との関係 (id : 557),温度 (id : 6823)
亜共析鋼のTTT線図およびFe-C状態図との関係 (id : 557),温度 (id : 6255)
Ni含有量 (id : 13178),Fe-Cr-Ni3元系状態図の1100℃(1373K)等温切断図 (id : 2707)
E (Ag/AgCl-3.33kmol・m-3KCl) [V] (id : 8266),Nd-Fe-B 磁石合金のアノード分極曲線 (id : 723)
E (Ag/AgCl-3.33kmol・m-3KCl) [V] (id : 8266),Tb-Fe 光磁気記録合金のアノード分極曲線 (id : 724)
In-use stock of stainless steel in Japan (Ferritic) (id : 2009),In-use Stainless Steel Stock (kt) (id : 11121)
In-use stock of stainless steel in Japan (Ferritic) (id : 2009),In-use Stainless Ferritic Steel Stock (kt) (id : 11123)
試験温度 (id : 7255),種々の熱処理をしたFeの温度依存性 (id : 534)
炭素濃度 (id : 7221),α鉄を含まないFe/Fe<sub>3</sub>C平衡 (id : 413)
炭素濃度 (id : 7221),Fe-C系状態図(破線はFe/黒鉛平衡,実線はFe/Fe<sub>3</sub>C平衡) (id : 411)
炭素濃度 (id : 7221),Fe/Fe<sub>23</sub>C<sub>6</sub>平衡 (id : 412)
軟鋼（S 15 C）の1%NaCl 中における腐食疲労のS-N 曲線 (id : 732),応力振幅σ0 [MPa] (id : 8276)
Fe系溶融2元合金の粘度 (1550℃)(Ⅰ) (id : 127),粘度 (id : 6535)
Fe-Cr合金のγループに及ぼす（C+N）の影響 (id : 586),温度 (id : 6255)
Fe-C合金におけるパーライト・ラメラ間隔λと変態温度の関係 (id : 104),[mispace:quantifier]λ<sup>-1</sup> (id : 6522)
Cr含有量 (id : 11843),Fe-Cr合金の8年間大気暴露結果に対するCr量の影響 (id : 2194)
Fe-Cu溶融2元合金の表面張力 (id : 133),表面張力 (id : 6541)
塑性変形したFe中の転位密度と変形応力の関係 (id : 3387),√(転位密度)(×10^-5^) (id : 14408)
Fe-Sn,Fe-Si合金におけるSn,Siの粒界偏析度の粒界傾角依存性 (id : 2790),オージェピーク比(Sn/Fe,Si/Fe) (id : 13351)
Fe-Ni合金の耐酸性 (id : 2086),溶解減量 (id : 11425)
処理後スラグ中FeO濃度比較 (id : 1591),Observation of (mass%Fe~t~O) after dephosphorization (id : 9701)
Fe<sub>3</sub>C/M<sub>23</sub>C<sub>6</sub>炭化物回折線強度比 (id : 6986),Fe<sub>3</sub>C/M<sub>23</sub>C<sub>6</sub>炭化物回折線強度比による水素浸食損傷の評価 (id : 331)
Nd-Fe-B 磁石合金のアノード分極曲線 (id : 723),i [A・m-2] (id : 8238)
圧力 (id : 11714),Feの同素変態に及ぼす圧力と温度の影響 (id : 2145)
Fe-Cr合金の時効温度にともなう硬さ変化,シグマ脆性と475℃脆性に対応する硬さ上昇が見られる (id : 3542),ブリネル硬さ (id : 14553)
添加元素 (id : 6537),Fe系溶融2元合金の粘度 (1550℃)(Ⅰ) (id : 127)
添加元素 (id : 6537),普通添加元素　(ⅱ)FeとTiは600℃, その他は500℃で30min焼なましを行ったときの再結晶粒度 (id : 480)
添加元素 (id : 6537),Fe系溶融2元合金の粘度 (1550℃)(Ⅱ) (id : 128)
Fe-Ni-Mn合金の等温アルテンサイト変態 (id : 1874),温度 (id : 6595)
陰極防食電位下の3.5%NaCl水溶液中におけるHY130鋼の疲労き裂進展曲線 (id : 3062),き裂進展速度 (id : 13666)
Fe二元系状態図 (id : 1079),温度 (id : 6595)
Tap [C] (mass%) (id : 9726),実機転炉出鋼[C]とスラグ（T.Fe）の関係 (id : 1605)
旋盤によるFe-Ni-Cu-Mo-C材の被削性試験結果 (id : 1061),バイト刃先の摩耗量/μm (id : 8826)
酸素 (id : 15136),Fe-O系平衡状態図 (id : 3498)
Fe-17％Cr-8％Niにおける等温マルテンサイトのTTTダイヤグラム (id : 620),温度 (id : 6823)
Fe-17％Cr-8％Niにおける等温マルテンサイトのTTTダイヤグラム (id : 620),温度 (id : 6255)
Ar-O_{2}$雰囲気におけるFe-Si溶接金属の酸素量とSi量との関係 (id : 1530),窒素量 (id : 9498)
自由エネルギの増加 (id : 14536),モルのαFeがγFeに等温変態するときのGibbs自由エネルギの変化 (id : 3370)
溶質濃度 (id : 14432),α-Feの格子定数に及ぼす置換型溶質原子の影響 (id : 3555)
CaO-CaCl_2-Fe_tO系のFe_tOの活量 [1473K] (id : 355),N_CaO (id : 7009)
CaO-CaCl_2-Fe_tO系のFe_tOの活量 [1473K] (id : 355),N_Fe_tO (id : 7007)
Fe-4.4原子%Si単結晶のψ(χ)曲線,とτ₀(χ)曲線(竹内らによる) (id : 2922),ψ (id : 13552)
Fe-4.4原子%Si単結晶のψ(χ)曲線,とτ₀(χ)曲線(竹内らによる) (id : 2922),臨界分解せん断応力 (id : 12621)
高温高圧水中における Fe-10 Cr 合金のアノード分極曲線の温度による変化 (id : 725),i [A・m-2] (id : 8238)
Fe-C系平衡状態図(実線:Fe-Fe_{3}$C系,点線:Fe-黒鉛系) (id : 2146),温度 (id : 11071)
Fe-C系平衡状態図(実線:Fe-Fe_{3}$C系,点線:Fe-黒鉛系) (id : 2146),温度 (id : 11069)
600℃(873K)焼なましによるFe_{3}$C粒の成長 (id : 2224),Fe_{3}$C平均半径 (id : 11952)
FeTi,_LaNi5およびMg2Ni系合金の水素貯蔵用金属材料としての諸特性の比較 (id : 2411),安全性(毒性) (id : 12446)
FeTi,_LaNi5およびMg2Ni系合金の水素貯蔵用金属材料としての諸特性の比較 (id : 2411),貯蔵能力 (id : 12442)
FeTi,_LaNi5およびMg2Ni系合金の水素貯蔵用金属材料としての諸特性の比較 (id : 2411),コスト(資源･製造) (id : 12445)
FeTi,_LaNi5およびMg2Ni系合金の水素貯蔵用金属材料としての諸特性の比較 (id : 2411),分解圧_分解温度 (id : 12440)
FeTi,_LaNi5およびMg2Ni系合金の水素貯蔵用金属材料としての諸特性の比較 (id : 2411),反応速度(初期) (id : 12443)
FeTi,_LaNi5およびMg2Ni系合金の水素貯蔵用金属材料としての諸特性の比較 (id : 2411),質量(可搬性) (id : 12444)
N_Fe (id : 7030),Cu-Fe-S系におけるマット-金属間の平衡とFeの等活量線 (1250℃) (id : 367)
N_Fe (id : 7030),Cu-Fe-S系におけるマット-金属間の平衡とCuの等活量線 (1250℃) (id : 368)
C (id : 6390),Fe二元系状態図 (id : 1036)
C (id : 6390),侵入形固溶体の格子定数　(a)γ-Fe-C侵入形固溶体 (id : 73)
C (id : 6390),Fe二元系状態図 (id : 1034)
C (id : 6390),Fe二元系状態図 (id : 1037)
C (id : 6390),Fe-C系溶融合金の密度 (1600℃) (id : 122)
C (id : 6390),侵入形固溶体の格子定数　(b)Fe-Cマルテンサイト (id : 74)
CaF_2 (id : 7002),CaO-CaF_2-Fe_tO系のFe_tOの活性 [1673K] (id : 353)
CaF_2 (id : 7002),CaO-CaF_2-Fe_tO系のCaOの活性 [1673K] (id : 352)
応力(σ)によるヒステリシスループの変化(Fe-68%Ni) (id : 1406),[mispace:quantifier]I (id : 9095)
α-Fe中のHの拡散データ.異なる記号はそれぞれ別の研究者による実験に対応している(J.Völkl and G.Alefeld:文献(1),p.321) (id : 2764),拡散係数,D/m²・s⁻¹ (id : 13304)
エネルギー消費内訳 (id : 12608),Fe-C系のパーライト変態のメカニズムと,エネルギー消費の内訳 (id : 2510)
Fe-N合金単結晶の降伏応力の濃度依存性(青野らによる) (id : 2490),降伏応力 (id : 12630)
CaO-FeO-SiO_2系のFeOの活量 [1873K] (id : 343),CaO (id : 6563)
CaO-FeO-SiO_2系のFeOの活量 [1873K] (id : 343),SiO_2 (id : 6561)
Fe-Ni合金のアノード分極曲線 (id : 710),i [A・m-2] (id : 8238)
Fe-C-Si合金(C:3.43mass%)の粘性に及ぼすSi量の影響 (id : 1659),粘性係数 (id : 9879)
変形速度/mm・min⁻¹ (id : 13279),多結晶Feの上降伏応力(a)および下降伏応力(b)に及ぼす変形速度の影響.変形温度：300K (id : 2757)
r<sup>-1</sup> (id : 6756),Fe-3.5mol%Cu合金におけるCu粒子半径rと分散強化量Δσの関係 (id : 233)
Fe-Ni溶融2元合金の表面張力 (id : 134),表面張力 (id : 6541)
双晶の形成によって変形した\alpha$-Fe中の原子配列 (id : 3177),双晶転位 (id : 13900)
FeO-CaO-SiO_2, FeO-CaO-Fe_2O_3系の密度 (1400℃) (id : 151),CaO (id : 6563)
FeO-CaO-SiO_2, FeO-CaO-Fe_2O_3系の密度 (1400℃) (id : 151),SiO_2, Fe_2O_3 (id : 6564)
Fe-C-Si合金の水素溶解度 (P H2=1atm) (id : 664),水素溶解度 [ppm] (id : 8063)
Fe-Fe_{3}C系平衡状態図の説明および室温での標準組織構成図 (id : 2148),温度 (id : 11071)
Fe-Fe_{3}C系平衡状態図の説明および室温での標準組織構成図 (id : 2148),温度 (id : 11069)
Al-Fe-Si系状態図 (id : 2201),Fe (id : 11895)
Fe側Fe-S系状態図 (id : 2117),温度 (id : 11071)
Fe側Fe-S系状態図 (id : 2117),温度 (id : 11069)
Si濃度 (id : 8787),Fe-C-Si合金(C:3.43mass%)の粘性に及ぼすSi量の影響 (id : 1659)
Fe-20%Ni合金の延性に及ぼす試験温度およびひずみ速度の影響.試験前1573Kに60s保持(鈴木洋夫,西村哲,今村淳,中村泰:鉄と鋼,67(1981),1180) (id : 3034),断面減少率/% (id : 13667)
N (id : 12991),Fe-N系平衡状態図 (id : 2631)
フェライトの引張強さに及ぼす固溶元素の影響()内の数字はFeとの原子半径さ(nm=10Å) (id : 2482),引張強さ (id : 12613)
Fe-Cr-Ni3元系状態図の1100℃(1373K)等温切断図 (id : 2707),Cr含有量 (id : 13180)
Fe-Cr-Ni3元系状態図の1100℃(1373K)等温切断図 (id : 2707),Fe含有量 (id : 13179)
Fe-Mn合金における変態温度と濃度の関係 (id : 1878),温度 (id : 6595)
破壊繰返し数 N (id : 8274),軟鋼（S 15 C）の1%NaCl 中における腐食疲労のS-N 曲線 (id : 732)
実機転炉出鋼[C]とスラグ（T.Fe）の関係 (id : 1605),(%T.Fe) (id : 9727)
炭素濃度 (id : 11090),Fe-C系状態図 (id : 1983)
種々の熱処理をしたFeの温度依存性 (id : 534),k<sub>y</sub> (id : 7456)
77Kで中性子照射したFe単結晶の内部摩擦 (id : 816),*Q*^-1^（×10^-3^） (id : 8586)
C濃度 (id : 8786),Fe-C合金の粘性係数 (id : 1657)
Fe-X系の粒界偏析係数（固溶限が小さい元素ほど粒界偏析係数が大きい） (id : 2351),偏析係数，κ^gb^~X~ (id : 12259)
焼なまし時間 (id : 11951),600℃(873K)焼なましによるFe_{3}$C粒の成長 (id : 2224)
C (id : 10772),Fe-C合金における変態温度と濃度の関係 (id : 1877)
Fe/Fe<sub>23</sub>C<sub>6</sub>平衡 (id : 412),温度 (id : 6255)
Fe単結晶の磁化曲線 (id : 2083),磁化の強さ (id : 11405)
温度，*T (id : 12105),γFe-侵入型(I)-置換型(S)の固溶体におけるI-S結合 (id : 2315)
温度，*T (id : 12105),bccFeの磁気変態に伴う熱容量，エンタルピー，自由エネルギーの変化 (id : 2293)
Ni-Fe系溶融合金の密度 (1550℃) (id : 119),密度 (id : 6513)
CaO-CaF_2-Fe_tO系のCaOの活性 [1673K] (id : 352),α CaO (id : 7004)
CaO-FeO-Fe_2O_3系のFeOおよびFe_2O_3の活量 [1873K] (id : 345),CaO (id : 6563)
CaO-FeO-Fe_2O_3系のFeOおよびFe_2O_3の活量 [1873K] (id : 345),Fe_2O_3  (id : 6574)
Na_2O-SiO_2-Fe_2O_3系の等粘度曲線 (1400℃) (id : 159),Na_2O (id : 6573)
Na_2O-SiO_2-Fe_2O_3系の等粘度曲線 (1400℃) (id : 159),SiO_2 (id : 6561)
*T^-1/10^-4K^-1 (id : 12344),Fe-C系の拡散係数 (id : 2480)
mass% (id : 8812),Fe二元系状態図 (id : 1065)
mass% (id : 8812),Fe二元系状態図 (id : 1079)
mass% (id : 8812),Fe二元系状態図 (id : 1037)
mass% (id : 8812),Fe二元系状態図 (id : 1054)
mass% (id : 8812),Fe二元系状態図 (id : 1066)
mass% (id : 8812),Fe二元系状態図 (id : 1046)
mass% (id : 8812),Fe二元系状態図 (id : 1068)
mass% (id : 8812),Fe二元系状態図 (id : 1086)
mass% (id : 8812),Fe二元系状態図 (id : 1053)
mass% (id : 8812),Fe二元系状態図 (id : 1074)
mass% (id : 8812),Fe二元系状態図 (id : 1082)
mass% (id : 8812),Fe二元系状態図 (id : 1073)
mass% (id : 8812),Fe二元系状態図 (id : 1077)
mass% (id : 8812),Fe二元系状態図 (id : 1050)
mass% (id : 8812),Fe二元系状態図 (id : 1039)
mass% (id : 8812),Fe二元系状態図 (id : 1058)
mass% (id : 8812),Fe二元系状態図 (id : 1056)
mass% (id : 8812),Fe二元系状態図 (id : 1052)
mass% (id : 8812),Fe二元系状態図 (id : 1059)
mass% (id : 8812),Fe二元系状態図 (id : 1069)
mass% (id : 8812),Fe二元系状態図 (id : 1076)
mass% (id : 8812),Fe二元系状態図 (id : 1060)
mass% (id : 8812),Fe二元系状態図 (id : 1048)
mass% (id : 8812),Fe二元系状態図 (id : 1041)
mass% (id : 8812),Fe二元系状態図 (id : 1078)
mass% (id : 8812),Fe二元系状態図 (id : 1063)
mass% (id : 8812),Fe二元系状態図 (id : 1085)
mass% (id : 8812),Fe二元系状態図 (id : 1042)
mass% (id : 8812),Fe二元系状態図 (id : 1080)
mass% (id : 8812),Fe二元系状態図 (id : 1083)
mass% (id : 8812),Fe二元系状態図 (id : 1044)
mass% (id : 8812),Fe二元系状態図 (id : 1084)
mass% (id : 8812),Fe二元系状態図 (id : 1064)
mass% (id : 8812),Fe二元系状態図 (id : 1062)
mass% (id : 8812),Fe二元系状態図 (id : 1057)
mass% (id : 8812),Fe二元系状態図 (id : 1049)
mass% (id : 8812),Fe二元系状態図 (id : 1071)
Fe-Cr溶融2元合金の表面張力 (id : 132),Cr  (id : 6542)
粒界傾角 (id : 13352),Fe-Sn,Fe-Si合金におけるSn,Siの粒界偏析度の粒界傾角依存性 (id : 2790)
Fe_2O_3  (id : 6574),Na_2O-SiO_2-Fe_2O_3系の等粘度曲線 (1400℃) (id : 159)
Fe_2O_3  (id : 6574),CaO-SiO_2-Fe_2O_3系の等粘度曲線 (1550℃) (id : 158)
CaO-FeO-SiO_2系融体の表面張力 (1400℃) (id : 165),SiO_2 (id : 6567)
CaO-FeO-SiO_2系融体の表面張力 (1400℃) (id : 165),CaO (id : 6566)
析出したCu粒子の半径 (id : 6758),Fe-3.5mol%Cu合金におけるCu粒子半径rと分散強化量Δσの関係 (id : 233)
3％Si-Fe合金（50％冷間加工）の加熱温度（各1h）と結晶粒径の関係 (id : 206),結晶粒径 (id : 6655)
Cr量 (id : 13142),Fe-Cr系状態図(約1100℃(1400K)以下)(O.Kubaschewski) (id : 2695)
Fe-Si合金単結晶の降伏応力の濃度依存性(青野らによる) (id : 2486),降伏応力 (id : 12630)
Fe-H~2~O系電位-pH図(298K,a~Fe^2+^~=a~Fe^3+^~=1) (id : 8),電位 (id : 5794)
C原子のモル分率，x~C~ (id : 12164),γFe-C系侵入型固溶体（オーステナイト）の自由エネルギー (id : 2309)
C原子のモル分率，x~C~ (id : 12164),γFe-Cオーステナイト中のC原子の活量a~C~（黒鉛基準） (id : 2310)
FeAl単結晶の圧縮変形における<111>すべりより<001>すべりへの遷移温度と組成の関係(Umakoshi and Yamaguchiによる) (id : 2951),<111>すべりより<001>すべりへの遷移温度/K (id : 13600)
Phase diagram for part of the binary Fe-C system (id : 3329),Temperature (id : 13534)
Fe二元系状態図 (id : 1049),温度 (id : 6595)
C (id : 7522),Fe-Cr-C3元状態図の17％Cr等濃度断面 (id : 587)
Fe-Ni合金における変態温度と濃度の関係 (id : 1875),温度 (id : 6595)
Fe-Zr系材料のEXAFSより求めたFe原子まわりの原子の分布 (id : 381),｜Φ(r)｜ (id : 7089)
SiO_2 (id : 6567),FeO-SiO_2系のSiO_2とFeOの活量 (id : 333)
Fe二元系状態図 (id : 1034),温度 (id : 6595)
溶質原子の固溶限（分率） (id : 12270),Fe-X系の粒界偏析係数（固溶限が小さい元素ほど粒界偏析係数が大きい） (id : 2351)
Fe-Cr-Ni合金の沸騰42％MgCl~2~における破断時間 (id : 623),破断時間 (id : 6923)
[100]に関する回転角 (id : 14498),3.3%Si-Fe合金の結晶粒界エネルギEとθとの関係 (id : 3355)
種々のFe基合金の22℃における\kappa_y$値 (id : 3590),合金 (id : 15084)
種々のFe基合金の22℃における\kappa_y$値 (id : 3590),直線の勾配値 (id : 15243)
種々のFe基合金の22℃における\kappa_y$値 (id : 3590),(CとNを含む)0.18%P (id : 15104)
種々のFe基合金の22℃における\kappa_y$値 (id : 3590),Fe (id : 15087)
種々のFe基合金の22℃における\kappa_y$値 (id : 3590),1.5%Si (id : 15244)
種々のFe基合金の22℃における\kappa_y$値 (id : 3590),(CとNを含む)1.08%P (id : 15105)
種々のFe基合金の22℃における\kappa_y$値 (id : 3590),1.5%Ni (id : 15095)
種々のFe基合金の22℃における\kappa_y$値 (id : 3590),3%Si (id : 15097)
種々のFe基合金の22℃における\kappa_y$値 (id : 3590),6%Si (id : 15099)
種々のFe基合金の22℃における\kappa_y$値 (id : 3590),1.5%Cr (id : 15088)
種々のFe基合金の22℃における\kappa_y$値 (id : 3590),3%Cr (id : 15096)
種々のFe基合金の22℃における\kappa_y$値 (id : 3590),(CとNを含む)0.09%P (id : 15103)
種々のFe基合金の22℃における\kappa_y$値 (id : 3590),Ferrovac_E (id : 15101)
種々のFe基合金の22℃における\kappa_y$値 (id : 3590),3%Ni (id : 15093)
破損時間 (id : 13777),腐食疲労寿命に及ぼす重畳小波の影響(高力鋼,1%NaCl中,max=590MPa) (id : 3056)
Fe-Cr-Ni合金の組織図(650℃) (id : 2080),Cr (id : 11363)
時間 (id : 15808),亜共析鋼のTTT線図およびFe-C状態図との関係 (id : 557)
Calculation of (mass%Fe~t~O) after dephosphorization (id : 9700),処理後スラグ中FeO濃度比較 (id : 1591)
Ni量の異なるFe-Ni合金を,種々の温度で試験したときのシャルピー吸収エネルギーの変化 (id : 3089),シャルピー吸収エネルギー(J) (id : 13797)
置換形固溶体の格子定数　(c)α-Fe合金の格子定数 (id : 72),格子定数 (id : 6385)
研削表面からの深さ (id : 10627),\alpha$Fe,Fe_3$C相の応力と巨視的残留応力 (id : 1838)
Fe二元系状態図 (id : 1048),温度 (id : 6595)
Fe二元系状態図 (id : 1078),温度 (id : 6595)
Fe-O系平衡状態図 (id : 3498),温度 (id : 14313)
Fe-O系平衡状態図 (id : 3498),温度 (id : 14002)
Fe-O系平衡状態図 (id : 3498),温度 (id : 14541)
腐食疲労寿命に及ぼす重畳小波の影響(高力鋼,1%NaCl中,max=590MPa) (id : 3056),重畳波振幅 (id : 13778)
切削距離/km (id : 8825),旋盤によるFe-Ni-Cu-Mo-C材の被削性試験結果 (id : 1061)
Cr濃度[mass％] (id : 7566),Fe-Cr合金のγループに及ぼす（C+N）の影響 (id : 586)
Cr濃度[mass％] (id : 7566),Fe-Cr系平衡状態図 (id : 585)
Ni (id : 11362),Fe-Ni合金の耐酸性 (id : 2086)
Ni (id : 11362),Ni-Fe fcc固溶体にキュリー点･初透磁率･熱膨張係数･磁わい常数･磁気異方性の変化 (id : 2236)
Ni (id : 11362),Fe-Cr-Ni合金の組織図(650℃) (id : 2080)
NaCl型炭化物および窒化物の融点 (id : 3402),炭化物 (id : 14724)
NaCl型炭化物および窒化物の融点 (id : 3402),融点 (id : 14729)
NaCl型炭化物および窒化物の融点 (id : 3402),窒化物 (id : 14727)
FeO (id : 6562),CaO-FeO-Fe_2O_3系のFeOおよびFe_2O_3の活量 [1873K] (id : 345)
FeO (id : 6562),FeO-CaO-SiO_2, FeO-CaO-Fe_2O_3系の密度 (1400℃) (id : 151)
FeO (id : 6562),CaO-FeO-SiO_2系のFeOの活量 [1873K] (id : 343)
磁場 (id : 11404),Fe単結晶の磁化曲線 (id : 2083)
2相ステンレス鋼（Fe-22 Cr-10 Ni）表面に形成した不動態皮膜および過不動皮膜の結晶粒毎の膜厚分布 (id : 1023),皮膜厚 (id : 8742)
高温高圧水中におけるFe-20 Cr 合金のアノード分極曲線の温度による変化 (id : 726),i [A・m-2] (id : 8238)
Fe-C系状態図(破線はFe/黒鉛平衡,実線はFe/Fe<sub>3</sub>C平衡) (id : 411),温度 (id : 6823)
Fe-C系状態図(破線はFe/黒鉛平衡,実線はFe/Fe<sub>3</sub>C平衡) (id : 411),温度 (id : 6255)
表面 (id : 11784),直径48mmの円柱状Fe-16%Ni合金を900℃(1173K)から330℃(603K)まで徐冷し,ここで保持後氷水中に投入したときの変態応力型残留応力 (id : 2167)
Fe-N系平衡状態図 (id : 2631),温度 (id : 12993)
Fe-N系平衡状態図 (id : 2631),温度 (id : 12441)
炭素濃度 (id : 11760),Fe-W-Cr-C系の状態図,18%W-4%Crにおける切断図 (id : 2161)
at% C (id : 8805),Fe二元系状態図 (id : 1034)
at% C (id : 8805),Fe二元系状態図 (id : 1036)
Annealing time [min] (id : 11323),Effects of hot rolling conditions and annealing time on Fe~3~C precipitation behavior (id : 2071)
Sn  (id : 6545),Fe-Sn溶融2元合金の表面張力 (id : 135)
\alpha$Fe,Fe_3$C相の応力と巨視的残留応力 (id : 1838),応力 (id : 10630)
表面張力 (id : 6541),Fe-Cr溶融2元合金の表面張力 (id : 132)
Fe二元系状態図 (id : 1058),温度 (id : 6595)
pH (id : 8216),Fe-H2O系 (id : 696)
pH (id : 8216),1kmol・m-3NaCl を含む50℃の水溶液中におけるSUS304ステンレス鋼のCDC地図 (id : 730)
Fe二元系状態図 (id : 1052),温度 (id : 6595)
異なる2方向から引張ったFe単結晶の臨界分解せん断応力の温度依存性 (id : 224),臨界分解せん断応力 (id : 6743)
層間隔,λ (id : 12607),Fe-C系のパーライトと通常の共晶・共析のλとυの対比 (id : 2478)
Feの膜厚 (id : 6298),Au(001)面上に成長させたくさび状Fe(001)超薄膜における極磁気カー楕円率(η~K~)のFe膜厚依存性(1eV=1.6×10^-19^J) (id : 48)
合金元素濃度 (id : 7236),Fe-C系の共析反応に及ぼす合金元素の影響 (id : 422)
合金元素濃度 (id : 7236),Fe-C系の偏晶反応に及ぼす合金元素の影響 (id : 420)
Fe二元系状態図 (id : 1085),温度 (id : 6595)
中心 (id : 11783),直径48mmの円柱状Fe-16%Ni合金を900℃(1173K)から330℃(603K)まで徐冷し,ここで保持後氷水中に投入したときの変態応力型残留応力 (id : 2167)
普通添加元素　(ⅱ)FeとTiは600℃, その他は500℃で30min焼なましを行ったときの再結晶粒度 (id : 480),再結晶粒数 [10 4m-2] (id : 7342)
Si (id : 11896),Al-Fe-Si系状態図 (id : 2201)
at% (id : 7379),Fe二元系状態図 (id : 1065)
at% (id : 7379),Fe二元系状態図 (id : 1079)
at% (id : 7379),Fe二元系状態図 (id : 1037)
at% (id : 7379),Fe二元系状態図 (id : 1054)
at% (id : 7379),Fe二元系状態図 (id : 1066)
at% (id : 7379),Fe二元系状態図 (id : 1046)
at% (id : 7379),Fe二元系状態図 (id : 1068)
at% (id : 7379),Fe二元系状態図 (id : 1086)
at% (id : 7379),Fe二元系状態図 (id : 1053)
at% (id : 7379),Fe二元系状態図 (id : 1074)
at% (id : 7379),Fe二元系状態図 (id : 1082)
at% (id : 7379),Fe二元系状態図 (id : 1073)
at% (id : 7379),Fe二元系状態図 (id : 1077)
at% (id : 7379),Fe二元系状態図 (id : 1050)
at% (id : 7379),Fe二元系状態図 (id : 1039)
at% (id : 7379),Fe二元系状態図 (id : 1058)
at% (id : 7379),Fe二元系状態図 (id : 1056)
at% (id : 7379),Fe二元系状態図 (id : 1052)
at% (id : 7379),Fe二元系状態図 (id : 1059)
at% (id : 7379),Fe二元系状態図 (id : 1069)
at% (id : 7379),Fe二元系状態図 (id : 1076)
at% (id : 7379),Fe二元系状態図 (id : 1060)
at% (id : 7379),Fe二元系状態図 (id : 1048)
at% (id : 7379),Fe二元系状態図 (id : 1041)
at% (id : 7379),Fe二元系状態図 (id : 1078)
at% (id : 7379),Fe二元系状態図 (id : 1063)
at% (id : 7379),Fe二元系状態図 (id : 1085)
at% (id : 7379),Fe二元系状態図 (id : 1042)
at% (id : 7379),Fe二元系状態図 (id : 1080)
at% (id : 7379),Fe二元系状態図 (id : 1083)
at% (id : 7379),Fe二元系状態図 (id : 1044)
at% (id : 7379),Fe二元系状態図 (id : 1084)
at% (id : 7379),Fe二元系状態図 (id : 1064)
at% (id : 7379),Fe二元系状態図 (id : 1062)
at% (id : 7379),Fe二元系状態図 (id : 1057)
at% (id : 7379),Fe二元系状態図 (id : 1049)
at% (id : 7379),Fe二元系状態図 (id : 1071)
Fe二元系状態図 (id : 1062),温度 (id : 6595)
Fe合金の凝固温度区間 (id : 2028),凝固温度区間 (id : 11195)
N_CACl_2 (id : 7006),CaO-CaCl_2-Fe_tO系のCaOの活量 [1473K] (id : 354)
N_CACl_2 (id : 7006),CaO-CaCl_2-Fe_tO系のFe_tOの活量 [1473K] (id : 355)
Fe-C合金の粘性係数 (id : 1657),粘性係数 (id : 9879)
3%Si-Fe合金(50%冷間加工)の加熱温度(各1h)と結晶粒径の関係 (id : 206),結晶粒径 (id : 6659)
3%Si-Fe合金(50%冷間加工)の加熱温度(各1hr)と結晶粒径の関係 (id : 1851),結晶粒の大きさ [μm2] (id : 7315)
3%Si-Fe合金(50%冷間加工)の加熱温度(各1hr)と結晶粒径の関係 (id : 1851),結晶粒径 (id : 10676)
3.3%Si-Fe合金の結晶粒界エネルギEとθとの関係 (id : 3355),結晶粒界エネルギ (id : 14500)
Fe系溶融2元合金の粘度 (1550℃)(Ⅱ) (id : 128),粘度 (id : 6535)
窒素濃度 (id : 12633),Fe-N合金単結晶の降伏応力の濃度依存性(青野らによる) (id : 2490)
Fe系溶融合金の表面張力 (id : 136),表面張力 (id : 6541)
MnO-FeO-SiO_2系融体の表面張力 (1400℃) (id : 166),SiO_2 (id : 6567)
MnO-FeO-SiO_2系融体の表面張力 (1400℃) (id : 166),MnO (id : 6568)
組成の異なるFe-Sn合金における粒界偏析量の温度依存性 (id : 2777),温度/℃ (id : 13332)
組成の異なるFe-Sn合金における粒界偏析量の温度依存性 (id : 2777),温度/K (id : 13333)
Nb中のNとO,Fe中のCの拡散係数と,Nb中のHの拡散係数の比較(J.Völkl and G.Alefeld:文献(1),p.321による) (id : 2960),拡散係数,D/m²・s⁻¹ (id : 13304)
X Ni (id : 6544),Fe-Ni溶融2元合金の表面張力 (id : 134)
Fe側Fe-P系状態図 (id : 2125),温度 (id : 11071)
Fe側Fe-P系状態図 (id : 2125),温度 (id : 11069)
Fe-Cr-Ni合金破面からのオージェ・スペクトル (id : 402),dN/dE (id : 7173)
Percentage of oxygen blown in dephosphorization treatment (%) (id : 9684),溶銑脱りん吹錬中の計算スラグFe~t~O濃度の推移 (id : 1588)
Fe-X希薄合金の内部酸化で形成する濃度プロファイル模式図 (id : 3592),濃度 (id : 15135)
Feの同素変態に及ぼす圧力と温度の影響 (id : 2145),温度 (id : 11071)
Feの同素変態に及ぼす圧力と温度の影響 (id : 2145),温度 (id : 11069)
Fe二元系状態図 (id : 1059),温度 (id : 6595)
Fe二元系状態図 (id : 1076),温度 (id : 6595)
種々の濃度のNaCl水溶液中におけるSUS410J1のS-N曲線 (id : 3017),回転曲げ応力 (id : 13687)
深さ方向 (id : 15134),Fe-X希薄合金の内部酸化で形成する濃度プロファイル模式図 (id : 3592)
焼もどし時間 (id : 10737),Fe-Mo-Cマルテンサイトの550℃時効における硬さ変化 (id : 1864)
応力拡大係数範囲 (id : 13452),自然海水,3.5%NaCl水溶液,人工海水中における腐食疲労き裂進展速度の相違 (id : 3018)
応力拡大係数範囲 (id : 13452),陰極防食電位下の3.5%NaCl水溶液中におけるHY130鋼の疲労き裂進展曲線 (id : 3062)
応力拡大係数範囲 (id : 13452),NaCl水溶液中におけるSUS304ステンレス鋼のき裂進展速度とΔKの関係(R=0.1) (id : 2998)
Fe-C系溶融合金の密度 (1600℃) (id : 122),密度 (id : 6513)
砥石切込み (id : 15562),\alpha$Fe,Fe_3$C相の応力と巨視的残留応力 (id : 1838)
Tb-Fe 光磁気記録合金のアノード分極曲線 (id : 724),i [A・m-2] (id : 8238)
自然海水,3.5%NaCl水溶液,人工海水中における腐食疲労き裂進展速度の相違 (id : 3018),き裂進展速度 (id : 13460)
Fe<sub>3</sub>C/M<sub>23</sub>C<sub>6</sub>炭化物回折線強度比による水素浸食損傷の評価 (id : 331),P<sub>v</sub>パラメータ (id : 6985)
双晶境界 (id : 13899),双晶の形成によって変形した\alpha$-Fe中の原子配列 (id : 3177)
bccFeの磁気変態に伴う熱容量，エンタルピー，自由エネルギーの変化 (id : 2293),エネルギー，*H&G*/kJ・mol^-1^ (id : 12140)
bccFeの磁気変態に伴う熱容量，エンタルピー，自由エネルギーの変化 (id : 2293),熱容量，*C*/J・mol^-1^K^-1^ (id : 12141)
侵入形固溶体の格子定数　(a)γ-Fe-C侵入形固溶体 (id : 73),格子定数 (id : 6385)
運動エネルギー (id : 7172),Fe-Cr-Ni合金破面からのオージェ・スペクトル (id : 402)
Fe-C系の共析反応に及ぼす合金元素の影響 (id : 422),共析温度 (id : 7240)
Fe-C系の共析反応に及ぼす合金元素の影響 (id : 422),共析温度 (id : 7241)
Fe-C系の共析反応に及ぼす合金元素の影響 (id : 422),炭素濃度 (id : 7221)
Fe-Si-C系の拡散対におけるC原子の拡散（Si原子の拡散は微少） (id : 2379),炭素濃度（mass%） (id : 12326)
Cu  (id : 6525),Cu-Fe系溶融合金の密度 (id : 114)
破壊時間t [h] (id : 8275),軟鋼（S 15 C）の1%NaCl 中における腐食疲労のS-N 曲線 (id : 732)
Al含有量 (id : 11904),Ni-Fe-Al 3元系における1023Kの切断図 (id : 2240)
Mass balance of Fe in experiments (id : 2030),Fe/Input Fe (id : 11210)
炭素濃度 (id : 13930),Fe-C系状態図(その2:横軸対数目盛) (id : 3209)
Snの粒界偏析量/μmol・m⁻² (id : 13331),組成の異なるFe-Sn合金における粒界偏析量の温度依存性 (id : 2777)
Fe-C系状態図 (id : 1983),温度 (id : 6595)
Year (id : 11116),In-use stock of stainless steel in Japan (Ferritic) (id : 2009)
Year (id : 11116),Inputs of stainless steel in Japan (Ferritic) (id : 2006)
Year (id : 11116),Obsolete scrap generation of stainless steel in Japan (Ferritic) (id : 2014)
Cu-Fe系溶融合金の密度 (id : 114),密度 (id : 6513)
侵入形固溶体の格子定数　(b)Fe-Cマルテンサイト (id : 74),格子定数 (id : 6385)
SiO_2 (id : 6561),FeO-SiO_2系融体の粘度 (id : 155)
SiO_2 (id : 6561),FeO-SiO_2系融体の密度 (id : 150)
溶解濃度 (id : 6384),置換形固溶体の格子定数　(c)α-Fe合金の格子定数 (id : 72)
Ni含有量[％] (id : 7871),Fe-Cr-Ni合金の沸騰42％MgCl~2~における破断時間 (id : 623)
285℃におけるFe-Cr 合金のアノード分極曲線 (id : 728),i [A・m-2] (id : 8238)
Fe二元系状態図 (id : 1084),温度 (id : 6595)
N_PbS (id : 7028),Cu_2S-PbS, FeS-PbS系の活量 (1200℃) (id : 364)
Cu-Fe-S系におけるマット-金属間の平衡とCuの等活量線 (1250℃) (id : 368),N_Cu (id : 7032)
Cu-Fe-S系におけるマット-金属間の平衡とCuの等活量線 (1250℃) (id : 368),N_S (id : 7034)
Fe-X系の相互固溶度と原子半径差との関連 (id : 2321),原子半径，r/10^-10^m (id : 12197)
Fe二元系状態図 (id : 1044),温度 (id : 6595)
Fe含有量 (id : 12472),Ce-Fe系状態図 (id : 2422)
Fe-Ni合金によるオーステナイトの加工によるMs点およびマルテンサイト変態量の変化 (id : 1885),マルテンサイト量 (id : 10795)
Fe-Ni合金によるオーステナイトの加工によるMs点およびマルテンサイト変態量の変化 (id : 1885),Ms点 (id : 10798)
FeとNの化合物 (id : 3403),結晶系 (id : 14369)
FeとNの化合物 (id : 3403),化合物 (id : 14711)
FeとNの化合物 (id : 3403),空間群 (id : 14718)
(Fe, Co, Ni)Si8B14アモルファス合金の磁気特性の組成依存性 (id : 2243),Fe含有量 (id : 12002)
(Fe, Co, Ni)Si8B14アモルファス合金の磁気特性の組成依存性 (id : 2243),Ni含有量 (id : 11994)
N_FeS (id : 7023),Cu_2S-FeS　系の活量 (id : 363)
Q (id : 6303),アモルファスFeと液体Feの構造因子S(Q) (id : 50)
Fe二元系状態図 (id : 1065),温度 (id : 6595)
アモルファスFeと液体Feの構造因子S(Q) (id : 50),S(Q) (id : 6302)
Ni (id : 5841),Fe-Cr-Ni3元系状態図の18％Cr等濃度断面 (id : 588)
X (X=Fe_O, Al_2O_3) (id : 6580),CaO-SiO_2-FeO (1400℃), CaO-SiO_2-Al_2O_3 (1600℃)の等表面張力線 (id : 167)
Fe-C合金のM_{s}$点およびマルテンサイトの形態に及ぼす炭素量の影響 (id : 2218),M_S$点 (id : 11927)
Fe-C合金のM_{s}$点およびマルテンサイトの形態に及ぼす炭素量の影響 (id : 2218),M_S$点 (id : 11926)
Fe-Cr-Ni合金によるオーステナイトの加工によるマルテンサイト変態量の変化 (id : 1884),マルテンサイト量の比  (id : 10801)
粒界偏析量/単原子層 (id : 13330),組成の異なるFe-Sn合金における粒界偏析量の温度依存性 (id : 2777)
炭素濃度（mass%C） (id : 12242),微粒化による溶解度の増大　Fe-C系オーステナイトに対するFe~3~C微粒子の固溶度線 (id : 2343)
pH (id : 5795),Fe-H~2~O系電位-pH図(298K,a~Fe^2+^~=a~Fe^3+^~=1) (id : 8)
pH (id : 5795),Fe-H~2~O系の電位-pH図と腐食図 (id : 1000)
直径48mmの円柱状Fe-16%Ni合金を900℃(1173K)から330℃(603K)まで徐冷し,ここで保持後氷水中に投入したときの変態応力型残留応力 (id : 2167),残留応力 (id : 11782)
Fe二元系状態図 (id : 1050),温度 (id : 6595)
Fe-Cr系平衡状態図 (id : 585),温度 (id : 6823)
Fe-Cr系平衡状態図 (id : 585),温度 (id : 6255)
Fe二元系状態図 (id : 1056),温度 (id : 6595)
溶融2元FeO系の表面張力 (1400℃) (id : 164),表面張力 (id : 6541)
微粒化による溶解度の増大　Fe-C系オーステナイトに対するFe~3~C微粒子の固溶度線 (id : 2343),温度，*T (id : 12105)
溶質濃度 (id : 11194),Fe合金の凝固温度区間 (id : 2028)
[mispace:quantifier]H (id : 9094),応力(σ)によるヒステリシスループの変化(Fe-68%Ni) (id : 1406)
Co-Fe系溶融合金の密度 (id : 113),密度 (id : 6513)
合金元素量 (id : 12614),フェライトの引張強さに及ぼす固溶元素の影響()内の数字はFeとの原子半径さ(nm=10Å) (id : 2482)
鉄原子からの距離 (id : 7088),Fe-Zr系材料のEXAFSより求めたFe原子まわりの原子の分布 (id : 381)
The Fe-C phase diagram for compositions of carbon steels below 1000℃, (id : 3467),Temperature (id : 13534)
Fe-H~2~O系の電位-pH図と腐食図 (id : 1000),電位 (id : 8684)
温度 (id : 14002),Ni量の異なるFe-Ni合金を,種々の温度で試験したときのシャルピー吸収エネルギーの変化 (id : 3537)
温度 (id : 14002),Fe-Cr合金の時効温度にともなう硬さ変化,シグマ脆性と475℃脆性に対応する硬さ上昇が見られる (id : 3542)
Fe二元系状態図 (id : 1071),温度 (id : 6595)
Fe二元系状態図 (id : 1064),温度 (id : 6595)
Co含有量 (id : 12001),(Fe, Co, Ni)Si8B14アモルファス合金の磁気特性の組成依存性 (id : 2243)
Fe二元系状態図 (id : 1041),温度 (id : 6595)
加熱温度 (id : 10675),3%Si-Fe合金(50%冷間加工)の加熱温度(各1hr)と結晶粒径の関係 (id : 1851)
Fe-X系 (id : 187),α Fe, α X (id : 6626)
Fe-C系状態図(その2:横軸対数目盛) (id : 3209),温度 (id : 13924)
Au(001)面上にFeを成長させたときの逆光電子分光スペクトル (id : 47),逆光電子プロセスの光放出強度 (id : 6295)
Fe二元系状態図 (id : 1082),温度 (id : 6595)
150℃におけるFe-Cr合金のアノード分極曲線 (id : 727),i [A・m-2] (id : 8238)
溶融Fe-C合金の水素溶解度 (P H2=1atm) (id : 659),C (id : 6390)
溶融Fe-C合金の水素溶解度 (P H2=1atm) (id : 659),水素溶解度 [ppm] (id : 8063)
Fe二元系状態図 (id : 1066),温度 (id : 6595)
Fe二元系状態図 (id : 1042),温度 (id : 6595)
試験温度/K (id : 13694),Fe-20%Ni合金の延性に及ぼす試験温度およびひずみ速度の影響.試験前1573Kに60s保持(鈴木洋夫,西村哲,今村淳,中村泰:鉄と鋼,67(1981),1180) (id : 3034)
加工度, 200℃で加工 (id : 10802),Fe-Ni合金によるオーステナイトの加工によるMs点およびマルテンサイト変態量の変化 (id : 1885)
元素添加率 (id : 6546),Fe系溶融合金の表面張力 (id : 136)
溶融FeとAl_2O_3との接触角 (id : 3837),温度 (id : 6595)
溶融FeとAl_2O_3との接触角 (id : 3837),Al_2O_3の種類 (id : 15768)
溶融FeとAl_2O_3との接触角 (id : 3837),文献 (id : 15761)
溶融FeとAl_2O_3との接触角 (id : 3837),雰囲気 (id : 15770)
溶融FeとAl_2O_3との接触角 (id : 3837),鉄 (id : 15769)
溶融FeとAl_2O_3との接触角 (id : 3837),接触角 (id : 6478)
Fe-Cr合金およびNi-Cr合金の超臨界水溶液中での耐食性 (id : 736),正味の腐食減量 -ΔWnet[g・m-2] (id : 8281)
変形応力 (id : 14407),塑性変形したFe中の転位密度と変形応力の関係 (id : 3387)
時効温度 (id : 10761),Fe-Mn-Co合金における等時間時効による電気抵抗の変化 (id : 1870)
Fe-Cr-Ni系合金の組織図 (id : 2087),Ni (id : 11362)
CaO-SiO_2-FeO (1400℃), CaO-SiO_2-Al_2O_3 (1600℃)の等表面張力線 (id : 167),CaO (id : 6563)
CaO-SiO_2-FeO (1400℃), CaO-SiO_2-Al_2O_3 (1600℃)の等表面張力線 (id : 167),SiO_2 (id : 6561)
Al-X系とFe-X系の液相におけるΩの推定値 (id : 2308),相互作用パラーメータ，Ω^L^~AB~/kJ・mol^-1^ (id : 12163)
CaO-SiO_2-Fe_2O_3系の等粘度曲線 (1550℃) (id : 158),CaO (id : 6563)
CaO-SiO_2-Fe_2O_3系の等粘度曲線 (1550℃) (id : 158),SiO_2 (id : 6561)
Fe系2元合金の状態図の形による分類(a)γループ型(b)γ縮小型(c)γ開放型(d)γ拡大型 (id : 3309),温度 (id : 14325)
加熱温度 (id : 6658),3%Si-Fe合金(50%冷間加工)の加熱温度(各1h)と結晶粒径の関係 (id : 206)
C量 (id : 7487),Fe-C合金の残留オーステナイト量と炭素量の関係 (id : 571)
C量 (id : 7487),亜共析鋼のTTT線図およびFe-C状態図との関係 (id : 557)
γFe-Cオーステナイト中のC原子の活量a~C~（黒鉛基準） (id : 2310),C原子の活量，a~C~（黒鉛基準） (id : 12166)
原子寸法不整合度 (id : 14472),α-Feにおける溶質原子の寸法不整合度と単位濃度当たりの固溶強化の大きさの関係 (id : 3347)
Ni量 (id : 11987),Ni-Fe fcc固溶体にキュリー点･初透磁率･熱膨張係数･磁わい常数･磁気異方性の変化 (id : 2236)
Cu_2S-PbS, FeS-PbS系の活量 (1200℃) (id : 364),α (id : 7021)
Obsolete scrap generation of stainless steel in Japan (Ferritic) (id : 2014),Obsolete Scrap Generation (Ferritic) (kt) (id : 11126)
焼もどし時間 [min] (id : 7350),Fe-Mo-Cマルテンサイトの550℃時効における硬さ変化 (id : 1864)
Fe-Cr-Ni3元系状態図の18％Cr等濃度断面 (id : 588),温度 (id : 6823)
Fe-Cr-Ni3元系状態図の18％Cr等濃度断面 (id : 588),温度 (id : 6255)
E (SHE) [V] (id : 8267),高温高圧水中における Fe-10 Cr 合金のアノード分極曲線の温度による変化 (id : 725)
E (SHE) [V] (id : 8267),150℃におけるFe-Cr合金のアノード分極曲線 (id : 727)
E (SHE) [V] (id : 8267),高温高圧水中におけるFe-20 Cr 合金のアノード分極曲線の温度による変化 (id : 726)
E (SHE) [V] (id : 8267),285℃におけるFe-Cr 合金のアノード分極曲線 (id : 728)
温度 (id : 6255),異なる2方向から引張ったFe単結晶の臨界分解せん断応力の温度依存性 (id : 224)
温度 (id : 6255),Fe~83~B~17~アルモファス合金の熱膨張曲線およびヤング率の温度依存性 (id : 993)
温度 (id : 6255),77Kで中性子照射したFe単結晶の内部摩擦 (id : 816)
温度 (id : 6255),Fe-24.9mass%Ni-3.9mass%Mn合金(等温)における母相とマルテンサイト相のギブス自由エネルギー差と温度の関係 (id : 201)
Ni (id : 6538),Fe-Ni系の粘度 (id : 129)
Fe-C系の偏晶反応に及ぼす合金元素の影響 (id : 420),偏晶温度 (id : 7239)
Fe-C系の偏晶反応に及ぼす合金元素の影響 (id : 420),炭素濃度 (id : 7221)
Cu_2S-FeS　系の活量 (id : 363),α (id : 7021)
Fe-C phase diagram (id : 3453),Temperature (id : 13534)
Fe二元系状態図 (id : 1057),温度 (id : 6595)
Effects of hot rolling conditions and annealing time on Fe~3~C precipitation behavior (id : 2071),Cementite [vol.%] (id : 11324)
Fe-Cr合金の状態図 (id : 2079),温度 (id : 6595)
Fe二元系状態図 (id : 1073),温度 (id : 6595)
Cu-Fe-S系におけるマット-金属間の平衡とFeの等活量線 (1250℃) (id : 367),N_Cu (id : 7032)
Cu-Fe-S系におけるマット-金属間の平衡とFeの等活量線 (1250℃) (id : 367),N_S (id : 7034)
繰返し速度 (id : 13705),3%および3.5%NaCl水溶液中のフエライト系鋼のき裂進展曲線と繰返し速度との関係 (id : 3053)
Fe-Sn溶融2元合金の表面張力 (id : 135),表面張力 (id : 6541)
Cu (id : 6543),Fe-Cu溶融2元合金の表面張力 (id : 133)
Fe-M-C（またはN）系のI-S結合エネルギーΔε~I-M~の推定値 (id : 2319),N (id : 12188)
Fe-M-C（またはN）系のI-S結合エネルギーΔε~I-M~の推定値 (id : 2319),Nb (id : 12178)
Fe-M-C（またはN）系のI-S結合エネルギーΔε~I-M~の推定値 (id : 2319),Cr (id : 12180)
Fe-M-C（またはN）系のI-S結合エネルギーΔε~I-M~の推定値 (id : 2319),Co (id : 12183)
Fe-M-C（またはN）系のI-S結合エネルギーΔε~I-M~の推定値 (id : 2319),Ti (id : 12176)
Fe-M-C（またはN）系のI-S結合エネルギーΔε~I-M~の推定値 (id : 2319),Mn (id : 12182)
Fe-M-C（またはN）系のI-S結合エネルギーΔε~I-M~の推定値 (id : 2319),Mo (id : 12181)
Fe-M-C（またはN）系のI-S結合エネルギーΔε~I-M~の推定値 (id : 2319),Si (id : 12186)
Fe-M-C（またはN）系のI-S結合エネルギーΔε~I-M~の推定値 (id : 2319),C (id : 12187)
Fe-M-C（またはN）系のI-S結合エネルギーΔε~I-M~の推定値 (id : 2319),Cu (id : 12185)
Fe-M-C（またはN）系のI-S結合エネルギーΔε~I-M~の推定値 (id : 2319),Ni (id : 12184)
Fe-M-C（またはN）系のI-S結合エネルギーΔε~I-M~の推定値 (id : 2319),V (id : 12179)
FeO-SiO_2系融体の密度 (id : 150),密度 (id : 6513)
Fe-3.5mol%Cu合金におけるCu粒子半径rと分散強化量Δσの関係 (id : 233),Δσ (id : 6757)
溶質原子濃度 (id : 14367),Fe系2元合金の状態図の形による分類(a)γループ型(b)γ縮小型(c)γ開放型(d)γ拡大型 (id : 3309)
Cao-FeO系のFeOとCaOの活量 [1873K] (id : 337),αi (id : 6639)
Co-Fe溶融2元合金の表面張力 (id : 140),表面張力 (id : 6541)
Fe-C-O系平衡状態図 (id : 3531),CO (id : 15193)
